email,password,first_name,last_name,phone,address,city,zip_code,country,date_joined,pet_name,pet_type,pet_gender,pet_breed,pet_neutered,pet_age_years,pet_age_months,pet_weight,pet_body_type,pet_activity_level,pet_food_types,pet_food_feeling,pet_food_importance
smartowl31@gmail.com,HaSah64@2024,Hakan,Şahin,+90 535 237 78 90,Cumhuriyet Cd 13,Istanbul,34176,Turkey,2025-10-04T15:40:32,Bella,Cat,Female,Sphynx,True,8.0,10.0,4.3,Ideal,Very Active,"Dry food, Raw food",Easily distracted,Very important
bram.meijer422@msn.com,BrMei35!2025,Bram,Meijer,+31 6 7384 0470,Lijnbaan 250,Amsterdam,1094 72,Netherlands,2025-10-04T17:23:48,,,,,,,,,,,,,
burak.ozturk@gmail.com,BuOzt17#2025,Burak,Öztürk,+90 501 161 16 49,Bağdat Cd 150,Istanbul,34761,Turkey,2025-10-04T19:50:58,Sunny,Dog,Male,French Bulldog,False,4.0,3.0,13.9,Overweight,Very Active,Dry food,Content and satisfied,Important
aino.heikkinen258@outlook.com,AiHei88@2024,Aino,Heikkinen,+358 044 4949834,Itäkatu 53,Turku,20628,Finland,2025-10-04T20:22:08,Hazel,Cat,Female,Sphynx,False,5.0,9.0,4.3,Ideal,Less Active,"Wet food, Raw food",Easily distracted,Important
juha.korhonen@gmail.com,JuKor91!2024,Juha,Korhonen,+358 041 7080457,Itäkatu 117,Vantaa,01591,Finland,2025-10-04T21:34:00,Simba,Cat,Female,Siamese,False,2.0,5.0,3.6,Muscular,Active,"Dry food, Raw food",Picky eater,Very important
bram.vandijk445@gmail.com,Brvan86#2024,Bram,van Dijk,+31 6 1059 8286,Damrak 172,Rotterdam,3006 65,Netherlands,2025-10-04T23:27:59,Smokey,Cat,Male,Ragdoll,True,7.0,8.0,5.0,Underweight,Moderately Active,"Dry food, Wet food",Happy and energetic,Important
can.dogan@saha.com,CaDog65@2024,Can,Doğan,+90 535 373 74 62,Turan Güneş Blv 49,Istanbul,34820,Turkey,2025-10-04T23:50:17,,,,,,,,,,,,,
smart.falcon_6213@gmail.com,JaNie97!2025,Jari,Nieminen,+358 040 7069814,Hämeenkatu 205,Helsinki,00195,Finland,2025-10-05T00:17:04,,,,,,,,,,,,,
deniz.celik@gmail.com,DeCel55@2024,Deniz,Çelik,+90 530 330 24 54,Turan Güneş Blv 73,Istanbul,34679,Turkey,2025-10-05T00:21:11,Misty,Cat,Female,Sphynx,False,10.0,5.0,3.6,Muscular,Active,"Dry food, Wet food",Picky eater,Very important
ece.aydin133@mail.com,EcAyd52!2024,Ece,Aydın,+90 538 455 26 45,Bağdat Cd 196,Istanbul,34863,Turkey,2025-10-05T00:30:50,Sunny,Dog,Female,Golden Retriever,True,9.0,10.0,25.7,Muscular,Active,"Dry food, Raw food",Picky eater,Very important
smartdog498@fastmail.com,MaJan78@2024,Maarten,Jansen,+31 6 9749 3062,Spui 169,Eindhoven,5691 25,Netherlands,2025-10-05T00:35:01,Sushi,Cat,Female,Ragdoll,True,12.0,7.0,7.2,Overweight,Moderately Active,"Dry food, Wet food",Always hungry,Very important
cem.demir286@gmail.com,CeDem91@2025,Cem,Demir,+90 531 652 82 19,İstiklal Cd 119,Istanbul,34880,Turkey,2025-10-05T01:20:41,,,,,,,,,,,,,
juha.virtanen@icloud.com,JuVir99!2025,Juha,Virtanen,+358 041 5484201,Aleksanterinkatu 69,Helsinki,00106,Finland,2025-10-05T02:01:47,,,,,,,,,,,,,
wolf7420@icloud.com,AnHam51@2025,Antti,Hämäläinen,+358 050 3898497,Aleksanterinkatu 25,Helsinki,00233,Finland,2025-10-05T04:38:59,,,,,,,,,,,,,
silentwolf584@gmail.com,AsAyd14!2024,Aslı,Aydın,+90 532 772 66 01,Nispetiye Cd 123,Istanbul,34239,Turkey,2025-10-05T05:06:08,,,,,,,,,,,,,
cosmic.lynx_5632@msn.com,MeAyd27!2024,Mert,Aydın,+90 530 783 24 60,Turan Güneş Blv 190,Istanbul,34407,Turkey,2025-10-05T05:45:33,,,,,,,,,,,,,
onur.arslan856@yahoo.com,OnArs61$2024,Onur,Arslan,+90 537 442 55 04,Atatürk Blv 114,Bursa,16366,Turkey,2025-10-05T05:46:33,Max,Cat,Male,British Shorthair,False,8.0,9.0,4.3,Ideal,Moderately Active,Dry food,Calm and balanced,Very important
deniz.aydin@gmail.com,DeAyd21@2025,Deniz,Aydın,+90 531 213 86 32,Atatürk Blv 70,Istanbul,34182,Turkey,2025-10-05T05:50:57,,,,,,,,,,,,,
can.sahin@gmail.com,CaSah10!2025,Can,Şahin,+90 531 257 92 23,Turan Güneş Blv 130,Konya,42812,Turkey,2025-10-05T06:23:30,Simba,Dog,Male,French Bulldog,False,10.0,3.0,10.9,Ideal,Moderately Active,Dry food,Content and satisfied,Very important
brightotter397@gmail.com,MaBos96!2024,Maarten,Bos,+31 6 3689 2282,Damrak 104,Rotterdam,3087 28,Netherlands,2025-10-05T06:36:11,Max,Dog,Male,Cocker Spaniel,True,3.0,6.0,15.5,Ideal,Moderately Active,Wet food,Picky eater,Important
burak.sahin974@gmail.com,BuSah12@2025,Burak,Şahin,+90 533 994 92 56,Nispetiye Cd 27,Istanbul,34675,Turkey,2025-10-05T06:41:48,,,,,,,,,,,,,
laura.makinen19@yahoo.com,LaMak66@2025,Laura,Mäkinen,+358 041 4107948,Hämeenkatu 166,Espoo,02884,Finland,2025-10-05T07:02:23,,,,,,,,,,,,,
falcon2167@saha.com,EmKay33$2025,Emre,Kaya,+90 539 252 95 73,Turan Güneş Blv 170,Istanbul,34366,Turkey,2025-10-05T07:04:26,,,,,,,,,,,,,
gizem.yilmaz495@gmail.com,GiYil92#2025,Gizem,Yılmaz,+90 530 454 89 59,Turan Güneş Blv 219,Istanbul,34989,Turkey,2025-10-05T08:49:11,,,,,,,,,,,,,
ece.ozturk607@outlook.com,EcOzt17@2024,Ece,Öztürk,+90 532 626 83 29,Nispetiye Cd 134,Istanbul,34271,Turkey,2025-10-05T08:51:35,Nala,Dog,Male,Golden Retriever,False,6.0,9.0,29.6,Overweight,Moderately Active,Wet food,Happy and energetic,Important
miika.makinen@icloud.com,MiMak95#2024,Miika,Mäkinen,+358 050 9772849,Mannerheimintie 85,Helsinki,00211,Finland,2025-10-05T09:49:13,Poppy,Cat,Male,Persian,False,15.0,9.0,5.1,Muscular,Less Active,Raw food,Picky eater,Very important
selin.yilmaz766@gmail.com,SeYil69@2024,Selin,Yılmaz,+90 537 916 73 74,Cumhuriyet Cd 185,Istanbul,34483,Turkey,2025-10-05T10:33:50,Poppy,Cat,Female,Maine Coon,False,12.0,4.0,6.9,Overweight,Moderately Active,Raw food,Easily distracted,Important
burak.yilmaz@iberix.com,BuYil49$2025,Burak,Yılmaz,+90 538 477 66 24,Atatürk Blv 167,Istanbul,34917,Turkey,2025-10-05T10:56:11,,,,,,,,,,,,,
seda.sahin654@gmail.com,SeSah38$2024,Seda,Şahin,+90 531 694 13 64,Nispetiye Cd 87,Istanbul,34805,Turkey,2025-10-05T11:09:02,,,,,,,,,,,,,
seda.kilic@outlook.com,SeKil72$2024,Seda,Kılıç,+90 539 124 87 41,Halaskargazi Cd 235,Mersin,33163,Turkey,2025-10-05T11:59:45,Kiki,Dog,Female,Beagle,False,1.0,8.0,10.2,Ideal,Very Active,"Dry food, Raw food",Always hungry,Important
asli.erdogan528@gmail.com,AsErd36@2024,Aslı,Erdoğan,+90 530 453 68 08,Nispetiye Cd 188,Antalya,07718,Turkey,2025-10-05T12:01:33,,,,,,,,,,,,,
ece.ozturk333@gmail.com,EcOzt40$2025,Ece,Öztürk,+90 505 747 38 22,Turan Güneş Blv 154,Istanbul,34346,Turkey,2025-10-05T12:01:39,Sushi,Cat,Male,Siamese,True,12.0,10.0,3.9,Ideal,Moderately Active,Raw food,Always hungry,Very important
daan.meijer@icloud.com,DaMei17@2024,Daan,Meijer,+31 6 3793 9468,Nieuwezijds Voorburgwal 31,Amsterdam,1084 83,Netherlands,2025-10-05T13:03:42,Cooper,Cat,Male,British Shorthair,True,2.0,7.0,3.7,Underweight,Active,Wet food,Happy and energetic,Very important
silverotter760@msn.com,AlAyd42$2024,Ali,Aydın,+90 501 869 57 23,Cumhuriyet Cd 250,Istanbul,34107,Turkey,2025-10-05T13:50:25,,,,,,,,,,,,,
cansu.sahin@outlook.com,CaSah20$2024,Cansu,Şahin,+90 501 208 67 63,Nispetiye Cd 59,Konya,42649,Turkey,2025-10-05T15:04:58,,,,,,,,,,,,,
wolf7213@gmail.com,BeArs55!2024,Berk,Arslan,+90 539 172 74 29,Bağdat Cd 62,Adana,01113,Turkey,2025-10-05T16:23:09,Sushi,Cat,Female,Maine Coon,False,3.0,6.0,6.4,Overweight,Active,Dry food,Calm and balanced,Very important
milan.smit426@bluewave.es,MiSmi81#2024,Milan,Smit,+31 6 3170 5881,Vismarkt 200,Leiden,2374 84,Netherlands,2025-10-05T17:43:24,Cooper,Cat,Male,Sphynx,False,7.0,10.0,3.5,Overweight,Active,Dry food,Calm and balanced,Very important
ayse.erdogan@gmail.com,AyErd36@2025,Ayşe,Erdoğan,+90 536 553 99 75,Atatürk Blv 156,Istanbul,34539,Turkey,2025-10-05T17:46:05,,,,,,,,,,,,,
panda8631@outlook.com,MaBia57!2025,Matteo,Bianchi,+49 171 7493138,Via Roma 166,Munich,80331,Germany,2025-10-05T17:46:55,,,,,,,,,,,,,
maarten.visser506@galaxion.tr,MaVis65#2024,Maarten,Visser,+31 6 9646 2893,Nieuwezijds Voorburgwal 115,Rotterdam,3004 71,Netherlands,2025-10-05T18:10:19,,,,,,,,,,,,,
panda5680@outlook.com,EcOzt25!2024,Ece,Öztürk,+90 535 234 94 08,Nispetiye Cd 123,Istanbul,34731,Turkey,2025-10-05T18:28:32,Pumpkin,Cat,Female,British Shorthair,False,1.0,4.0,4.1,Muscular,Active,"Wet food, Raw food",Happy and energetic,Important
mert.demir@msn.com,MeDem79!2025,Mert,Demir,+90 536 401 60 23,Bağdat Cd 131,Gaziantep,27664,Turkey,2025-10-05T20:28:49,,,,,,,,,,,,,
mert.koc@yahoo.com,MeKoc41!2025,Mert,Koç,+90 501 788 53 98,Cumhuriyet Cd 207,Mersin,33288,Turkey,2025-10-05T20:36:57,Tiger,Cat,Female,British Shorthair,True,12.0,8.0,6.1,Underweight,Less Active,"Wet food, Raw food",Always hungry,Very important
fox9608@mail.com,SeCel57!2025,Seda,Çelik,+90 538 956 58 87,Halaskargazi Cd 201,Istanbul,34316,Turkey,2025-10-05T20:40:47,Sushi,Cat,Male,Siamese,True,9.0,3.0,3.9,Overweight,Very Active,"Dry food, Wet food",Easily distracted,Important
jari.koskinen359@gmail.com,JaKos18$2024,Jari,Koskinen,+358 040 2583644,Aleksanterinkatu 68,Helsinki,00906,Finland,2025-10-05T20:48:41,,,,,,,,,,,,,
tiger4678@gmail.com,SeYil15$2024,Seda,Yıldız,+90 532 727 66 17,Turan Güneş Blv 149,Istanbul,34644,Turkey,2025-10-05T20:54:12,,,,,,,,,,,,,
tom.jansen@yahoo.com,ToJan95!2025,Tom,Jansen,+31 6 3365 6918,Blaak 36,Amsterdam,1046 96,Netherlands,2025-10-05T22:31:10,Mocha,Cat,Male,Persian,True,14.0,2.0,3.3,Overweight,Active,Dry food,Always hungry,Important
yusuf.koc@gmail.com,YuKoc80@2024,Yusuf,Koç,+90 501 433 28 94,Atatürk Blv 97,Istanbul,34695,Turkey,2025-10-05T23:21:52,,,,,,,,,,,,,
seda.koc@gmail.com,SeKoc16!2025,Seda,Koç,+90 538 766 68 12,Turan Güneş Blv 192,Istanbul,34538,Turkey,2025-10-06T00:18:36,,,,,,,,,,,,,
wildcat644@gmail.com,SeKoc57@2024,Selin,Koç,+90 536 848 19 22,İnönü Cd 244,Istanbul,34416,Turkey,2025-10-06T01:57:36,,,,,,,,,,,,,
bear4540@gmail.com,MeDog58!2025,Mert,Doğan,+90 535 797 43 75,Nispetiye Cd 200,Konya,42999,Turkey,2025-10-06T02:29:10,,,,,,,,,,,,,
nina.bakker@gmail.com,NiBak17#2025,Nina,Bakker,+31 6 8482 6784,Lijnbaan 172,Den Bosch,5226 68,Netherlands,2025-10-06T03:06:00,,,,,,,,,,,,,
urbanwolf415@yahoo.com,CaYil93#2024,Can,Yıldız,+90 532 107 36 54,Cumhuriyet Cd 238,Istanbul,34383,Turkey,2025-10-06T03:21:59,,,,,,,,,,,,,
ece.kilic@icloud.com,EcKil10!2024,Ece,Kılıç,+90 536 327 52 39,Nispetiye Cd 75,Istanbul,34627,Turkey,2025-10-06T03:34:59,,,,,,,,,,,,,
blue.bear_6721@gmail.com,CePol71@2024,Cem,Polat,+90 537 109 73 43,Cumhuriyet Cd 135,Istanbul,34445,Turkey,2025-10-06T03:39:48,,,,,,,,,,,,,
yusuf.kaya773@gmail.com,YuKay94!2025,Yusuf,Kaya,+90 505 169 23 27,Cumhuriyet Cd 79,Istanbul,34357,Turkey,2025-10-06T03:40:11,,,,,,,,,,,,,
lion9674@gmail.com,VeVir47@2025,Veera,Virtanen,+358 040 3306203,Esplanadi 47,Helsinki,00264,Finland,2025-10-06T03:44:18,,,,,,,,,,,,,
cansu.kaya734@msn.com,CaKay33@2025,Cansu,Kaya,+90 532 477 85 30,İnönü Cd 14,Istanbul,34759,Turkey,2025-10-06T04:10:51,,,,,,,,,,,,,
smart.wolf_9834@mail.com,OnCel49!2024,Onur,Çelik,+90 536 203 90 86,Halaskargazi Cd 163,Istanbul,34067,Turkey,2025-10-06T05:55:11,,,,,,,,,,,,,
femke.vanvliet@gmail.com,Fevan77!2025,Femke,van Vliet,+31 6 3107 3895,Vismarkt 30,Amsterdam,1020 53,Netherlands,2025-10-06T05:55:53,Sunny,Dog,Female,French Bulldog,True,6.0,3.0,9.2,Muscular,Very Active,Dry food,Picky eater,Important
eero.hamalainen@outlook.com,EeHam44@2025,Eero,Hämäläinen,+358 050 1337129,Esplanadi 216,Oulu,90547,Finland,2025-10-06T06:43:03,,,,,,,,,,,,,
lisa.bakker347@gmail.com,LiBak56$2024,Lisa,Bakker,+31 6 4540 9663,Blaak 19,Amsterdam,1060 32,Netherlands,2025-10-06T06:48:17,,,,,,,,,,,,,
femke.jansen481@gmail.com,FeJan35!2025,Femke,Jansen,+31 6 4987 2703,Lijnbaan 209,Amsterdam,1021 12,Netherlands,2025-10-06T07:12:07,Sunny,Dog,Male,German Shepherd,True,6.0,6.0,38.4,Underweight,Active,Raw food,Easily distracted,Very important
ali.aydin@gmail.com,AlAyd97$2025,Ali,Aydın,+90 534 549 58 47,Bağdat Cd 187,Istanbul,34480,Turkey,2025-10-06T07:51:44,,,,,,,,,,,,,
zeynep.aksoy930@gmail.com,ZeAks64@2025,Zeynep,Aksoy,+90 536 696 56 88,Bağdat Cd 45,Istanbul,34641,Turkey,2025-10-06T07:55:09,Pumpkin,Cat,Female,British Shorthair,True,7.0,7.0,6.1,Overweight,Very Active,"Wet food, Raw food",Easily distracted,Very important
gizem.celik707@gmail.com,GiCel80#2024,Gizem,Çelik,+90 535 675 18 17,İnönü Cd 178,Istanbul,34075,Turkey,2025-10-06T08:10:31,,,,,,,,,,,,,
ayse.sahin35@outlook.com,AySah80#2024,Ayşe,Şahin,+90 534 891 84 02,Halaskargazi Cd 19,Ankara,06685,Turkey,2025-10-06T08:35:48,,,,,,,,,,,,,
mert.erdogan200@gmail.com,MeErd45$2025,Mert,Erdoğan,+90 534 125 71 63,Cumhuriyet Cd 233,Istanbul,34858,Turkey,2025-10-06T09:07:07,,,,,,,,,,,,,
elif.kaya@gmail.com,ElKay46$2024,Elif,Kaya,+90 532 215 40 26,İnönü Cd 108,Istanbul,34775,Turkey,2025-10-06T09:44:25,,,,,,,,,,,,,
falcon1522@gmail.com,LaNie98!2024,Laura,Nieminen,+358 040 3437651,Mannerheimintie 238,Helsinki,00613,Finland,2025-10-06T13:36:27,,,,,,,,,,,,,
miika.laine99@gmail.com,MiLai78@2025,Miika,Laine,+358 040 5824509,Mannerheimintie 86,Tampere,33288,Finland,2025-10-06T14:04:48,,,,,,,,,,,,,
emre.ozturk255@yahoo.com,EmOzt43$2024,Emre,Öztürk,+90 531 940 72 55,İstiklal Cd 105,Istanbul,34871,Turkey,2025-10-06T14:22:41,,,,,,,,,,,,,
selin.sahin@gmail.com,SeSah70@2024,Selin,Şahin,+90 539 609 70 45,İstiklal Cd 235,Istanbul,34350,Turkey,2025-10-06T16:40:53,,,,,,,,,,,,,
olli.jarvinen88@gmail.com,OlJar45$2024,Olli,Järvinen,+358 041 9193620,Itäkatu 115,Helsinki,00471,Finland,2025-10-06T17:01:41,,,,,,,,,,,,,
cem.arslan@outlook.com,CeArs89!2024,Cem,Arslan,+90 537 286 99 11,Halaskargazi Cd 147,Istanbul,34522,Turkey,2025-10-06T17:21:58,,,,,,,,,,,,,
hilal.arslan@icloud.com,HiArs67@2024,Hilal,Arslan,+90 539 462 46 50,Atatürk Blv 60,Istanbul,34080,Turkey,2025-10-06T17:47:41,,,,,,,,,,,,,
hakan.ozturk825@gmail.com,HaOzt16$2025,Hakan,Öztürk,+90 537 874 52 27,Bağdat Cd 108,Kayseri,38282,Turkey,2025-10-06T17:58:22,Bailey,Dog,Female,Cocker Spaniel,True,10.0,3.0,12.8,Ideal,Active,"Dry food, Wet food",Picky eater,Important
cansu.aydin@icloud.com,CaAyd41#2024,Cansu,Aydın,+90 531 835 00 84,Turan Güneş Blv 151,Istanbul,34278,Turkey,2025-10-06T18:10:01,,,,,,,,,,,,,
yusuf.ozturk315@gmail.com,YuOzt65!2024,Yusuf,Öztürk,+90 531 500 07 03,Halaskargazi Cd 170,Istanbul,34179,Turkey,2025-10-06T19:29:13,Daisy,Dog,Male,Beagle,True,12.0,5.0,9.7,Ideal,Very Active,Dry food,Easily distracted,Very important
ece.sahin@gmail.com,EcSah91#2025,Ece,Şahin,+90 531 739 04 36,Bağdat Cd 238,Istanbul,34876,Turkey,2025-10-06T20:09:45,,,,,,,,,,,,,
bluewhale16@gmail.com,VeHam62#2024,Veera,Hämäläinen,+358 044 5272223,Aleksanterinkatu 32,Helsinki,00013,Finland,2025-10-06T20:15:25,,,,,,,,,,,,,
fox1396@outlook.com,AmJaf13$2024,Amir,Jafari,+98 0991 2575154,Shariati St 123,Tehran,8249384529,Iran,2025-10-06T20:28:25,Simba,Dog,Male,Poodle,False,11.0,6.0,24.9,Underweight,Moderately Active,"Wet food, Raw food",Happy and energetic,Important
brightlynx932@yahoo.com,OlMak16$2025,Olli,Mäkinen,+358 044 8191332,Kalevankatu 224,Vantaa,01457,Finland,2025-10-06T20:41:35,,,,,,,,,,,,,
ece.yildiz79@eurogrid.fi,EcYil25!2025,Ece,Yıldız,+90 536 679 20 70,İnönü Cd 244,Istanbul,34183,Turkey,2025-10-06T21:11:13,,,,,,,,,,,,,
johan.kuiper@yandex.com,JoKui33@2024,Johan,Kuiper,+31 6 6551 4526,Damrak 213,The Hague,2518 61,Netherlands,2025-10-06T21:11:21,,,,,,,,,,,,,
tom.meijer@gmail.com,ToMei98$2025,Tom,Meijer,+31 6 1293 7115,Coolsingel 49,Rotterdam,3056 81,Netherlands,2025-10-06T21:16:23,,,,,,,,,,,,,
silentpanda835@gmail.com,Inde 63#2025,Inge,de Vries,+31 6 8073 9956,Lijnbaan 117,Rotterdam,3067 37,Netherlands,2025-10-06T21:24:02,Coco,Dog,Female,Poodle,False,10.0,11.0,10.0,Muscular,Very Active,"Dry food, Raw food",Happy and energetic,Important
ayse.sahin@gmail.com,AySah23!2024,Ayşe,Şahin,+90 501 261 22 22,Nispetiye Cd 87,Izmir,35144,Turkey,2025-10-06T21:40:24,,,,,,,,,,,,,
elif.ozturk@icloud.com,ElOzt44!2025,Elif,Öztürk,+90 530 287 19 86,İnönü Cd 101,Bursa,16069,Turkey,2025-10-06T21:44:15,,,,,,,,,,,,,
mahsa.ghasemi@outlook.com,MaGha72$2024,Mahsa,Ghasemi,+98 0936 3064012,Kargar St 232,Tehran,7293057721,Iran,2025-10-06T22:34:20,,,,,,,,,,,,,
zeynep.ozturk@gmail.com,ZeOzt90@2025,Zeynep,Öztürk,+90 539 938 60 28,Nispetiye Cd 138,Istanbul,34532,Turkey,2025-10-06T23:29:24,,,,,,,,,,,,,
zeynep.erdogan@gmail.com,ZeErd34#2024,Zeynep,Erdoğan,+90 535 544 82 10,Atatürk Blv 36,Istanbul,34964,Turkey,2025-10-06T23:54:35,,,,,,,,,,,,,
deniz.dogan@gmail.com,DeDog55$2025,Deniz,Doğan,+90 537 760 85 62,İstiklal Cd 149,Adana,01917,Turkey,2025-10-07T00:07:37,Buddy,Cat,Male,Maine Coon,False,15.0,1.0,7.1,Overweight,Less Active,"Dry food, Wet food",Happy and energetic,Important
olli.jarvinen@outlook.com,OlJar68$2024,Olli,Järvinen,+358 044 9622863,Itäkatu 215,Vantaa,01506,Finland,2025-10-07T01:02:15,Simba,Dog,Male,Border Collie,True,6.0,11.0,14.5,Ideal,Active,"Dry food, Raw food",Always hungry,Important
hilal.yildiz@icloud.com,HiYil32#2024,Hilal,Yıldız,+90 538 236 66 11,Bağdat Cd 41,Istanbul,34790,Turkey,2025-10-07T01:49:53,,,,,,,,,,,,,
hilal.yalcin@outlook.com,HiYal13!2024,Hilal,Yalçın,+90 505 774 39 97,Halaskargazi Cd 141,Istanbul,34594,Turkey,2025-10-07T01:59:34,,,,,,,,,,,,,
ilona.jarvinen524@gmail.com,IlJar80#2024,Ilona,Järvinen,+358 050 3578239,Itäkatu 236,Helsinki,00107,Finland,2025-10-07T02:01:57,Milo,Dog,Female,German Shepherd,True,5.0,6.0,27.5,Overweight,Less Active,Raw food,Content and satisfied,Very important
inge.mulder@safronix.tr,InMul68@2024,Inge,Mulder,+31 6 1162 3934,Damrak 122,Amsterdam,1096 43,Netherlands,2025-10-07T04:06:09,Chloe,Cat,Female,Siamese,False,14.0,0.0,4.3,Overweight,Very Active,Dry food,Easily distracted,Very important
anna.kowalski@outlook.com,AnKow79!2025,Anna,Kowalski,+34 651 398 832,Ringstraße 27,Madrid,28001,Spain,2025-10-07T04:07:34,,,,,,,,,,,,,
zeynep.koc@outlook.com,ZeKoc81$2025,Zeynep,Koç,+90 536 631 43 58,İstiklal Cd 25,Istanbul,34359,Turkey,2025-10-07T04:18:39,,,,,,,,,,,,,
brightkoala307@yahoo.com,VeMak46$2024,Veera,Mäkinen,+358 041 8126933,Mannerheimintie 230,Oulu,90896,Finland,2025-10-07T04:19:18,Marley,Dog,Male,Golden Retriever,False,11.0,2.0,27.7,Overweight,Less Active,"Dry food, Raw food",Happy and energetic,Important
bram.bos211@gmail.com,BrBos17!2024,Bram,Bos,+31 6 2520 4220,Damrak 133,Rotterdam,3084 88,Netherlands,2025-10-07T04:38:17,,,,,,,,,,,,,
cansu.yildiz916@yahoo.com,CaYil96$2024,Cansu,Yıldız,+90 536 662 89 83,Nispetiye Cd 191,Istanbul,34427,Turkey,2025-10-07T05:43:17,,,,,,,,,,,,,
lisa.meijer@yahoo.com,LiMei17#2025,Lisa,Meijer,+31 6 8881 0473,Lijnbaan 231,Amsterdam,1093 01,Netherlands,2025-10-07T05:57:32,Cooper,Dog,Male,Beagle,True,1.0,6.0,11.3,Overweight,Moderately Active,Dry food,Picky eater,Very important
asli.kaya25@gmail.com,AsKay99#2024,Aslı,Kaya,+90 536 782 10 88,Halaskargazi Cd 63,Istanbul,34883,Turkey,2025-10-07T06:08:28,,,,,,,,,,,,,
anne.mulder@datamint.com,AnMul37#2024,Anne,Mulder,+31 6 5473 5540,Blaak 209,Leiden,2345 02,Netherlands,2025-10-07T06:48:48,Marley,Dog,Male,Border Collie,True,1.0,0.0,14.5,Muscular,Moderately Active,Wet food,Content and satisfied,Important
panda9237@outlook.com,AnJan89#2025,Anne,Jansen,+31 6 8691 3052,Lijnbaan 13,Rotterdam,3084 35,Netherlands,2025-10-07T06:55:59,Mocha,Cat,Female,Siamese,False,2.0,6.0,4.0,Ideal,Very Active,"Wet food, Raw food",Easily distracted,Important
seda.aydin738@petlab.ai,SeAyd41$2024,Seda,Aydın,+90 538 398 05 08,İnönü Cd 92,Istanbul,34321,Turkey,2025-10-07T07:09:29,Sushi,Cat,Male,Maine Coon,True,11.0,9.0,5.1,Muscular,Very Active,"Wet food, Raw food",Calm and balanced,Very important
inge.kuiper@yahoo.com,InKui32#2024,Inge,Kuiper,+31 6 4873 4669,Nieuwezijds Voorburgwal 73,Rotterdam,3070 43,Netherlands,2025-10-07T07:18:05,Bella,Cat,Female,Maine Coon,False,7.0,7.0,6.2,Underweight,Very Active,"Wet food, Raw food",Calm and balanced,Very important
emre.yildiz@gmail.com,EmYil96!2024,Emre,Yıldız,+90 533 458 35 86,Halaskargazi Cd 236,Izmir,35320,Turkey,2025-10-07T07:49:25,Lucy,Cat,Female,Siamese,True,15.0,7.0,5.0,Underweight,Moderately Active,Dry food,Content and satisfied,Important
eva.bakker@gmail.com,EvBak87#2024,Eva,Bakker,+31 6 4573 0735,Vismarkt 163,Amsterdam,1071 13,Netherlands,2025-10-07T08:10:12,Pepper,Dog,Male,Labrador Retriever,True,4.0,7.0,31.8,Muscular,Moderately Active,"Dry food, Raw food",Easily distracted,Very important
mert.ozturk06@outlook.com,MeOzt33@2025,Mert,Öztürk,+90 533 817 02 01,İstiklal Cd 221,Istanbul,34090,Turkey,2025-10-07T08:19:56,Bella,Dog,Female,Rottweiler,True,1.0,5.0,43.3,Ideal,Moderately Active,Wet food,Easily distracted,Important
elina.makinen@yahoo.com,ElMak61@2024,Elina,Mäkinen,+358 044 4817390,Aleksanterinkatu 110,Helsinki,00053,Finland,2025-10-07T08:45:01,Oreo,Dog,Male,French Bulldog,True,7.0,8.0,11.2,Overweight,Very Active,Raw food,Always hungry,Very important
bear4015@outlook.com,AyYil83#2025,Ayşe,Yıldız,+90 530 916 85 55,Nispetiye Cd 48,Istanbul,34338,Turkey,2025-10-07T09:59:07,,,,,,,,,,,,,
ece.dogan531@gmail.com,EcDog33!2025,Ece,Doğan,+90 501 492 20 59,İstiklal Cd 48,Istanbul,34429,Turkey,2025-10-07T10:54:03,Cooper,Cat,Male,British Shorthair,False,13.0,0.0,5.9,Muscular,Active,"Dry food, Wet food",Calm and balanced,Very important
eero.hamalainen895@msn.com,EeHam12#2024,Eero,Hämäläinen,+358 040 3904583,Esplanadi 40,Helsinki,00805,Finland,2025-10-07T11:17:13,,,,,,,,,,,,,
sparrow8246@outlook.com,EcOzt16!2025,Ece,Öztürk,+90 531 438 15 73,Halaskargazi Cd 202,Istanbul,34426,Turkey,2025-10-07T11:49:49,,,,,,,,,,,,,
cansu.koc273@gmail.com,CaKoc75$2025,Cansu,Koç,+90 537 198 78 01,Nispetiye Cd 186,Istanbul,34960,Turkey,2025-10-07T12:15:01,,,,,,,,,,,,,
dog1748@mail.com,Tode 38#2025,Tom,de Vries,+31 6 7024 1855,Lijnbaan 128,Amsterdam,1023 05,Netherlands,2025-10-07T12:48:22,,,,,,,,,,,,,
jan.bakker844@proton.me,JaBak56$2025,Jan,Bakker,+31 6 3576 0607,Lijnbaan 199,Amsterdam,1013 99,Netherlands,2025-10-07T13:29:40,,,,,,,,,,,,,
sanna.jarvinen05@gmail.com,SaJar90@2024,Sanna,Järvinen,+358 044 7338925,Kalevankatu 85,Helsinki,00076,Finland,2025-10-07T14:13:12,Chloe,Cat,Male,Ragdoll,False,8.0,1.0,4.1,Overweight,Moderately Active,Wet food,Easily distracted,Important
burak.dogan936@gmail.com,BuDog22!2024,Burak,Doğan,+90 535 303 30 18,Nispetiye Cd 55,Istanbul,34861,Turkey,2025-10-07T15:52:39,Lucy,Dog,Female,Shiba Inu,True,1.0,3.0,10.2,Underweight,Active,Wet food,Always hungry,Important
silverpanda718@datamint.es,AnSmi36#2025,Anne,Smit,+31 6 5574 0165,Coolsingel 243,Amsterdam,1071 93,Netherlands,2025-10-07T16:15:47,,,,,,,,,,,,,
ece.ozturk@yahoo.com,EcOzt73@2025,Ece,Öztürk,+90 501 431 38 25,Turan Güneş Blv 22,Kayseri,38005,Turkey,2025-10-07T17:26:34,,,,,,,,,,,,,
sanna.heikkinen@msn.com,SaHei57@2025,Sanna,Heikkinen,+358 044 6269094,Aleksanterinkatu 159,Helsinki,00470,Finland,2025-10-07T17:38:02,,,,,,,,,,,,,
hakan.dogan@gmail.com,HaDog92!2025,Hakan,Doğan,+90 535 752 26 47,Atatürk Blv 190,Izmir,35124,Turkey,2025-10-07T20:00:04,,,,,,,,,,,,,
bright.wolf_9800@icloud.com,MiVir50!2025,Mika,Virtanen,+358 044 3645039,Hämeenkatu 101,Helsinki,00951,Finland,2025-10-07T21:01:52,Poppy,Cat,Female,Maine Coon,False,7.0,7.0,5.0,Ideal,Moderately Active,Dry food,Happy and energetic,Very important
seda.ozturk@outlook.com,SeOzt74@2024,Seda,Öztürk,+90 539 838 79 25,Nispetiye Cd 33,Istanbul,34285,Turkey,2025-10-07T21:43:31,,,,,,,,,,,,,
mehmet.aydin269@gmail.com,MeAyd87$2025,Mehmet,Aydın,+90 531 545 12 97,Bağdat Cd 129,Istanbul,34900,Turkey,2025-10-07T21:53:02,,,,,,,,,,,,,
santeri.hamalainen547@gmail.com,SaHam35@2024,Santeri,Hämäläinen,+358 040 5018918,Kalevankatu 73,Espoo,02733,Finland,2025-10-07T22:08:30,Buddy,Dog,Female,Rottweiler,True,5.0,9.0,41.1,Overweight,Very Active,"Wet food, Raw food",Happy and energetic,Very important
lucky.sparrow_781@gmail.com,JuNie98!2024,Juha,Nieminen,+358 050 3373597,Esplanadi 126,Helsinki,00376,Finland,2025-10-07T22:10:31,Kiki,Dog,Male,Shiba Inu,False,7.0,2.0,7.5,Ideal,Less Active,Raw food,Picky eater,Very important
gizem.aksoy@gmail.com,GiAks23#2024,Gizem,Aksoy,+90 533 238 06 93,İnönü Cd 169,Ankara,06039,Turkey,2025-10-07T22:10:58,,,,,,,,,,,,,
mika.hamalainen526@gmail.com,MiHam39@2025,Mika,Hämäläinen,+358 040 5732458,Aleksanterinkatu 182,Helsinki,00930,Finland,2025-10-07T22:20:32,Kiki,Dog,Female,Cocker Spaniel,True,9.0,9.0,13.5,Ideal,Very Active,"Dry food, Wet food",Happy and energetic,Important
emre.polat475@gmail.com,EmPol57$2025,Emre,Polat,+90 535 747 69 51,Cumhuriyet Cd 136,Istanbul,34514,Turkey,2025-10-07T22:20:40,,,,,,,,,,,,,
paul.fernandez@gmail.com,PaFer48!2024,Paul,Fernández,+39 364 647 382,Rue de Rivoli 84,Rome,00118,Italy,2025-10-07T22:25:00,Sunny,Dog,Female,Golden Retriever,True,4.0,10.0,27.9,Overweight,Active,Dry food,Picky eater,Important
mahsa.rahimi268@gmail.com,MaRah81@2024,Mahsa,Rahimi,+98 0991 8642879,Kargar St 102,Tehran,7662673377,Iran,2025-10-07T22:28:15,,,,,,,,,,,,,
mert.yalcin@gmail.com,MeYal28@2025,Mert,Yalçın,+90 501 741 76 75,İstiklal Cd 111,Istanbul,34663,Turkey,2025-10-07T22:31:38,,,,,,,,,,,,,
elif.aksoy@nordiq.com,ElAks27@2024,Elif,Aksoy,+90 536 321 07 78,Bağdat Cd 59,Istanbul,34170,Turkey,2025-10-07T23:23:15,,,,,,,,,,,,,
gizem.demir@outlook.com,GiDem75@2024,Gizem,Demir,+90 532 457 63 47,Bağdat Cd 80,Istanbul,34438,Turkey,2025-10-08T00:01:53,,,,,,,,,,,,,
yusuf.celik997@gmail.com,YuCel59!2025,Yusuf,Çelik,+90 536 430 39 84,Turan Güneş Blv 22,Istanbul,34661,Turkey,2025-10-08T00:25:41,,,,,,,,,,,,,
emmi.hamalainen294@outlook.com,EmHam19#2025,Emmi,Hämäläinen,+358 044 7729205,Kalevankatu 160,Helsinki,00617,Finland,2025-10-08T00:56:43,,,,,,,,,,,,,
elif.aksoy@proton.me,ElAks90#2025,Elif,Aksoy,+90 531 833 46 35,Turan Güneş Blv 26,Istanbul,34479,Turkey,2025-10-08T01:01:47,Max,Dog,Female,Shiba Inu,False,4.0,2.0,10.1,Overweight,Less Active,"Wet food, Raw food",Calm and balanced,Important
lotte.devries@gmail.com,Lode 48@2024,Lotte,de Vries,+31 6 8931 3850,Coolsingel 237,Amsterdam,1008 34,Netherlands,2025-10-08T01:17:47,,,,,,,,,,,,,
burak.kilic963@outlook.com,BuKil59#2025,Burak,Kılıç,+90 530 396 83 47,Atatürk Blv 53,Mersin,33500,Turkey,2025-10-08T01:40:03,,,,,,,,,,,,,
lisa.mulder56@msn.com,LiMul72#2025,Lisa,Mulder,+31 6 1115 7629,Kalverstraat 151,Groningen,9746 13,Netherlands,2025-10-08T02:35:09,Sunny,Cat,Male,Siamese,True,12.0,3.0,4.1,Ideal,Very Active,"Wet food, Raw food",Easily distracted,Important
milan.bos@gmail.com,MiBos83@2024,Milan,Bos,+31 6 3710 6031,Blaak 65,Amsterdam,1059 03,Netherlands,2025-10-08T02:36:54,,,,,,,,,,,,,
seda.erdogan129@msn.com,SeErd26!2024,Seda,Erdoğan,+90 535 572 60 05,Turan Güneş Blv 239,Ankara,06849,Turkey,2025-10-08T02:57:37,,,,,,,,,,,,,
fox2172@outlook.com,EmDog56$2024,Emre,Doğan,+90 535 224 70 10,Turan Güneş Blv 81,Ankara,06609,Turkey,2025-10-08T03:27:28,,,,,,,,,,,,,
seda.aydin@gmail.com,SeAyd41#2025,Seda,Aydın,+90 537 426 68 16,İnönü Cd 103,Gaziantep,27607,Turkey,2025-10-08T03:28:26,,,,,,,,,,,,,
wolf4267@gmail.com,ElKos64#2024,Elina,Koskinen,+358 044 6725306,Aleksanterinkatu 196,Tampere,33889,Finland,2025-10-08T05:02:30,Sushi,Cat,Male,Sphynx,True,3.0,10.0,3.8,Overweight,Less Active,"Dry food, Wet food",Content and satisfied,Important
veera.heikkinen992@gmail.com,VeHei16@2025,Veera,Heikkinen,+358 050 4786253,Esplanadi 169,Helsinki,00775,Finland,2025-10-08T05:40:27,,,,,,,,,,,,,
cansu.dogan966@gmail.com,CaDog81#2024,Cansu,Doğan,+90 538 719 96 49,Atatürk Blv 181,Istanbul,34641,Turkey,2025-10-08T05:48:55,,,,,,,,,,,,,
anne.smit@icloud.com,AnSmi40@2025,Anne,Smit,+31 6 9962 9625,Blaak 227,Rotterdam,3063 76,Netherlands,2025-10-08T07:13:02,Daisy,Dog,Male,Golden Retriever,True,9.0,11.0,33.6,Overweight,Very Active,"Dry food, Wet food",Always hungry,Important
nina.vandermeer487@outlook.com,Nivan67@2024,Nina,van der Meer,+31 6 3157 0319,Lijnbaan 212,Amsterdam,1003 94,Netherlands,2025-10-08T07:44:10,,,,,,,,,,,,,
mika.korhonen757@yahoo.com,MiKor74@2024,Mika,Korhonen,+358 044 5448304,Kalevankatu 53,Helsinki,00551,Finland,2025-10-08T07:47:33,Luna,Dog,Male,Border Collie,True,8.0,6.0,14.7,Overweight,Less Active,"Wet food, Raw food",Picky eater,Important
lotte.bakker622@gmail.com,LoBak69@2024,Lotte,Bakker,+31 6 1838 8783,Nieuwezijds Voorburgwal 92,Amsterdam,1024 47,Netherlands,2025-10-08T07:52:04,,,,,,,,,,,,,
emmi.hamalainen@mervis.net,EmHam70@2025,Emmi,Hämäläinen,+358 050 4397389,Aleksanterinkatu 11,Helsinki,00600,Finland,2025-10-08T08:40:57,,,,,,,,,,,,,
bright.owl_5467@tutanota.com,SaVir32#2025,Santeri,Virtanen,+358 041 2818809,Itäkatu 48,Tampere,33243,Finland,2025-10-08T09:31:02,,,,,,,,,,,,,
ayse.arslan994@gmail.com,AyArs20@2024,Ayşe,Arslan,+90 534 724 18 49,İnönü Cd 131,Istanbul,34891,Turkey,2025-10-08T09:40:56,Hazel,Cat,Female,Persian,False,4.0,2.0,3.1,Overweight,Moderately Active,Wet food,Picky eater,Very important
seda.kilic830@yahoo.com,SeKil54#2025,Seda,Kılıç,+90 532 575 85 27,Atatürk Blv 102,Kayseri,38212,Turkey,2025-10-08T09:57:41,Hazel,Cat,Female,Maine Coon,True,15.0,0.0,7.0,Underweight,Very Active,"Dry food, Wet food",Easily distracted,Very important
silver.bear_4376@eurogrid.tr,AyCel68$2024,Ayşe,Çelik,+90 539 275 22 95,Turan Güneş Blv 229,Istanbul,34306,Turkey,2025-10-08T10:20:06,Kiki,Dog,Female,Beagle,True,11.0,11.0,9.6,Overweight,Very Active,"Dry food, Raw food",Picky eater,Important
ece.erdogan337@auroradata.io,EcErd37#2025,Ece,Erdoğan,+90 536 779 52 34,Bağdat Cd 211,Istanbul,34424,Turkey,2025-10-08T10:54:12,,,,,,,,,,,,,
jari.jarvinen296@outlook.com,JaJar82$2024,Jari,Järvinen,+358 044 5806915,Hämeenkatu 18,Helsinki,00630,Finland,2025-10-08T11:02:39,,,,,,,,,,,,,
sunny.otter_836@saha.com,CaAks50$2024,Can,Aksoy,+90 539 651 84 07,Nispetiye Cd 158,Bursa,16496,Turkey,2025-10-08T11:12:22,,,,,,,,,,,,,
ilona.koskinen@gmail.com,IlKos62@2025,Ilona,Koskinen,+358 044 2167368,Hämeenkatu 89,Lahti,15689,Finland,2025-10-08T12:12:17,Tiger,Dog,Male,Border Collie,True,5.0,3.0,16.1,Ideal,Active,Wet food,Content and satisfied,Very important
emre.ozturk699@gmail.com,EmOzt90!2025,Emre,Öztürk,+90 531 156 57 78,İnönü Cd 122,Konya,42477,Turkey,2025-10-08T12:47:59,,,,,,,,,,,,,
nina.jansen498@gmail.com,NiJan51#2025,Nina,Jansen,+31 6 1143 0749,Damrak 173,Amsterdam,1003 21,Netherlands,2025-10-08T13:12:30,,,,,,,,,,,,,
hilal.demir@mail.com,HiDem85!2025,Hilal,Demir,+90 530 687 48 64,Cumhuriyet Cd 8,Istanbul,34393,Turkey,2025-10-08T13:27:48,,,,,,,,,,,,,
burak.aydin585@gmail.com,BuAyd10!2025,Burak,Aydın,+90 532 189 56 53,Halaskargazi Cd 77,Istanbul,34865,Turkey,2025-10-08T13:45:05,,,,,,,,,,,,,
berk.demir@gmail.com,BeDem19#2025,Berk,Demir,+90 535 453 65 00,Halaskargazi Cd 113,Istanbul,34518,Turkey,2025-10-08T15:39:05,,,,,,,,,,,,,
cansu.kilic288@gmail.com,CaKil64$2025,Cansu,Kılıç,+90 536 324 58 06,İnönü Cd 58,Istanbul,34052,Turkey,2025-10-08T17:54:22,,,,,,,,,,,,,
berk.polat249@gmail.com,BePol89$2024,Berk,Polat,+90 532 588 15 08,Bağdat Cd 144,Istanbul,34589,Turkey,2025-10-08T17:56:01,,,,,,,,,,,,,
lucky.koala_2341@yahoo.com,RoJan89!2024,Rob,Jansen,+31 6 7043 3589,Damrak 65,Rotterdam,3021 09,Netherlands,2025-10-08T19:04:08,Zoe,Cat,Female,British Shorthair,False,8.0,0.0,4.7,Underweight,Less Active,"Dry food, Raw food",Easily distracted,Important
gizem.polat910@gmail.com,GiPol45!2025,Gizem,Polat,+90 505 119 45 35,Bağdat Cd 229,Istanbul,34504,Turkey,2025-10-08T19:08:08,,,,,,,,,,,,,
smart.lion_6016@outlook.com,MiKos70$2024,Mika,Koskinen,+358 040 7704539,Aleksanterinkatu 211,Helsinki,00844,Finland,2025-10-08T19:34:58,,,,,,,,,,,,,
femke.vanloon@gmail.com,Fevan10!2025,Femke,van Loon,+31 6 7491 4890,Nieuwezijds Voorburgwal 90,The Hague,2556 33,Netherlands,2025-10-08T19:55:09,,,,,,,,,,,,,
smartowl250@gmail.com,JaLai71$2024,Jari,Laine,+358 041 6958541,Aleksanterinkatu 45,Kuopio,70021,Finland,2025-10-08T20:01:56,,,,,,,,,,,,,
rapidwhale495@gmail.com,HaYil52!2024,Hakan,Yıldız,+90 536 175 88 07,İnönü Cd 228,Istanbul,34820,Turkey,2025-10-08T20:06:27,,,,,,,,,,,,,
cat2308@yahoo.com,AsYil81@2025,Aslı,Yıldız,+90 531 453 57 75,İstiklal Cd 60,Istanbul,34416,Turkey,2025-10-08T20:15:52,,,,,,,,,,,,,
deniz.yildiz441@gmail.com,DeYil30@2025,Deniz,Yıldız,+90 530 523 59 88,Cumhuriyet Cd 79,Istanbul,34640,Turkey,2025-10-08T20:31:50,,,,,,,,,,,,,
johan.vandijk@gmail.com,Jovan20#2024,Johan,van Dijk,+31 6 9041 4021,Blaak 13,The Hague,2544 19,Netherlands,2025-10-08T21:37:37,,,,,,,,,,,,,
ayse.sahin@gmail.com,AySah70@2025,Ayşe,Şahin,+90 505 356 10 76,Halaskargazi Cd 73,Konya,42964,Turkey,2025-10-08T21:58:57,,,,,,,,,,,,,
golden.koala_7409@icloud.com,GiSah34!2025,Gizem,Şahin,+90 536 930 28 82,Atatürk Blv 91,Istanbul,34769,Turkey,2025-10-08T22:22:43,,,,,,,,,,,,,
owl4177@gmail.com,DeDog66$2024,Deniz,Doğan,+90 534 705 03 31,İstiklal Cd 57,Antalya,07478,Turkey,2025-10-08T22:32:36,,,,,,,,,,,,,
pieter.vanloon109@gmail.com,Pivan78!2025,Pieter,van Loon,+31 6 1149 5697,Spui 193,Leiden,2313 64,Netherlands,2025-10-08T22:33:33,,,,,,,,,,,,,
cem.yalcin411@icloud.com,CeYal37$2025,Cem,Yalçın,+90 537 896 86 82,Nispetiye Cd 157,Istanbul,34788,Turkey,2025-10-08T22:44:44,,,,,,,,,,,,,
seda.yalcin@outlook.com,SeYal34@2025,Seda,Yalçın,+90 535 320 79 59,Atatürk Blv 43,Istanbul,34261,Turkey,2025-10-08T23:43:07,,,,,,,,,,,,,
rapid.tiger_3251@gmail.com,AySah41#2025,Ayşe,Şahin,+90 501 369 32 39,Halaskargazi Cd 37,Istanbul,34688,Turkey,2025-10-09T00:09:25,,,,,,,,,,,,,
berk.dogan425@gmail.com,BeDog65@2025,Berk,Doğan,+90 533 830 58 01,Bağdat Cd 17,Istanbul,34416,Turkey,2025-10-09T00:20:47,,,,,,,,,,,,,
miika.jarvinen@yahoo.com,MiJar46#2024,Miika,Järvinen,+358 040 7060989,Itäkatu 201,Oulu,90325,Finland,2025-10-09T02:02:26,,,,,,,,,,,,,
jari.koskinen63@msn.com,JaKos22!2024,Jari,Koskinen,+358 040 9052483,Esplanadi 214,Kuopio,70086,Finland,2025-10-09T02:24:58,,,,,,,,,,,,,
aino.nieminen@gmail.com,AiNie75#2025,Aino,Nieminen,+358 041 7678362,Mannerheimintie 68,Turku,20441,Finland,2025-10-09T02:33:56,Pepper,Dog,Female,French Bulldog,False,8.0,1.0,13.4,Overweight,Less Active,Wet food,Easily distracted,Important
ece.polat@gmail.com,EcPol47#2024,Ece,Polat,+90 536 382 42 42,Halaskargazi Cd 211,Konya,42893,Turkey,2025-10-09T03:04:00,Buddy,Cat,Male,British Shorthair,False,7.0,9.0,6.7,Muscular,Less Active,"Dry food, Wet food",Picky eater,Very important
deniz.aksoy@gmail.com,DeAks80$2024,Deniz,Aksoy,+90 537 218 61 78,Bağdat Cd 173,Istanbul,34973,Turkey,2025-10-09T03:09:33,,,,,,,,,,,,,
asli.aydin@gmail.com,AsAyd41$2025,Aslı,Aydın,+90 530 746 66 16,Turan Güneş Blv 120,Kayseri,38146,Turkey,2025-10-09T03:19:50,Rocky,Cat,Male,Siamese,True,4.0,11.0,3.6,Overweight,Active,Wet food,Picky eater,Very important
deniz.celik@gmail.com,DeCel31#2025,Deniz,Çelik,+90 539 965 22 23,Bağdat Cd 4,Gaziantep,27359,Turkey,2025-10-09T03:40:50,,,,,,,,,,,,,
heidi.hamalainen80@outlook.com,HeHam60#2024,Heidi,Hämäläinen,+358 050 3071943,Itäkatu 125,Helsinki,00958,Finland,2025-10-09T03:56:29,,,,,,,,,,,,,
whale9585@gmail.com,BeCel51!2024,Berk,Çelik,+90 537 693 82 09,İstiklal Cd 67,Gaziantep,27696,Turkey,2025-10-09T04:22:57,Smokey,Dog,Male,Cocker Spaniel,True,7.0,10.0,13.2,Underweight,Moderately Active,"Wet food, Raw food",Happy and energetic,Important
tom.bos43@yandex.com,ToBos97!2024,Tom,Bos,+31 6 2909 9529,Nieuwezijds Voorburgwal 111,Zwolle,8093 61,Netherlands,2025-10-09T05:38:56,,,,,,,,,,,,,
seda.aksoy235@gmail.com,SeAks69$2025,Seda,Aksoy,+90 501 999 80 07,İstiklal Cd 231,Istanbul,34634,Turkey,2025-10-09T06:14:14,Nala,Cat,Male,Ragdoll,True,2.0,9.0,5.2,Overweight,Very Active,"Wet food, Raw food",Easily distracted,Very important
onur.polat@yahoo.com,OnPol43@2024,Onur,Polat,+90 533 999 71 77,Atatürk Blv 171,Istanbul,34236,Turkey,2025-10-09T07:05:13,,,,,,,,,,,,,
elina.koskinen553@gmail.com,ElKos66#2025,Elina,Koskinen,+358 044 4125216,Hämeenkatu 168,Vantaa,01978,Finland,2025-10-09T07:07:17,,,,,,,,,,,,,
lucky.whale_5833@icloud.com,CeErd70@2025,Cem,Erdoğan,+90 538 594 12 63,Bağdat Cd 100,Istanbul,34186,Turkey,2025-10-09T07:08:54,,,,,,,,,,,,,
anne.vanloon997@gmail.com,Anvan57#2024,Anne,van Loon,+31 6 1814 0319,Coolsingel 228,Amsterdam,1013 99,Netherlands,2025-10-09T07:18:56,,,,,,,,,,,,,
gizem.arslan@gmail.com,GiArs72!2025,Gizem,Arslan,+90 533 889 92 97,Halaskargazi Cd 129,Istanbul,34233,Turkey,2025-10-09T07:44:31,,,,,,,,,,,,,
elif.kilic243@gmail.com,ElKil22!2024,Elif,Kılıç,+90 505 602 14 76,İstiklal Cd 124,Istanbul,34150,Turkey,2025-10-09T08:10:55,Charlie,Dog,Female,Labrador Retriever,True,3.0,2.0,27.9,Muscular,Active,Wet food,Always hungry,Very important
sunny.panda_1030@outlook.com,Rovan30@2025,Rob,van Vliet,+31 6 1803 7323,Blaak 166,Rotterdam,3024 73,Netherlands,2025-10-09T08:49:07,,,,,,,,,,,,,
selin.sahin649@gmail.com,SeSah47#2024,Selin,Şahin,+90 536 871 90 43,Nispetiye Cd 188,Gaziantep,27812,Turkey,2025-10-09T10:27:01,,,,,,,,,,,,,
luca.silva@outlook.com,LuSil40#2025,Luca,Silva,+33 6 24 54 60 30,Via Roma 184,Paris,75001,France,2025-10-09T11:06:56,Coco,Dog,Female,Border Collie,True,11.0,6.0,15.9,Underweight,Very Active,"Dry food, Wet food",Always hungry,Important
hakan.aksoy@bluewave.com,HaAks24!2025,Hakan,Aksoy,+90 532 255 37 88,Atatürk Blv 88,Istanbul,34601,Turkey,2025-10-09T11:28:10,,,,,,,,,,,,,
hilal.aksoy@outlook.com,HiAks21#2025,Hilal,Aksoy,+90 538 483 14 84,Nispetiye Cd 116,Konya,42608,Turkey,2025-10-09T11:32:29,,,,,,,,,,,,,
antti.heikkinen@gmail.com,AnHei97#2024,Antti,Heikkinen,+358 041 7882586,Itäkatu 131,Kuopio,70382,Finland,2025-10-09T11:52:24,,,,,,,,,,,,,
koala606@gmail.com,HaMou45#2024,Hamed,Mousavi,+98 0901 6729131,Valiasr St 187,Tehran,4480755669,Iran,2025-10-09T12:17:28,,,,,,,,,,,,,
eagle2167@gmail.com,EcYal32!2024,Ece,Yalçın,+90 537 722 69 01,Atatürk Blv 207,Istanbul,34627,Turkey,2025-10-09T13:47:00,,,,,,,,,,,,,
mert.dogan52@icloud.com,MeDog20#2025,Mert,Doğan,+90 534 249 26 25,Cumhuriyet Cd 18,Bursa,16309,Turkey,2025-10-09T15:00:19,,,,,,,,,,,,,
wolf5373@outlook.com,MaJan39#2025,Maarten,Jansen,+31 6 7178 9591,Lijnbaan 193,Amsterdam,1030 61,Netherlands,2025-10-09T15:09:30,Rocky,Cat,Female,Persian,True,15.0,5.0,4.9,Underweight,Less Active,Wet food,Calm and balanced,Very important
can.yalcin834@yahoo.com,CaYal74!2025,Can,Yalçın,+90 532 783 09 41,İnönü Cd 111,Istanbul,34460,Turkey,2025-10-09T15:28:24,,,,,,,,,,,,,
berk.celik681@msn.com,BeCel66#2025,Berk,Çelik,+90 539 390 04 08,Nispetiye Cd 90,Istanbul,34785,Turkey,2025-10-09T15:34:07,,,,,,,,,,,,,
bright.cat_1464@gmail.com,NiBos37$2024,Nina,Bos,+31 6 2431 5523,Lijnbaan 134,Groningen,9775 89,Netherlands,2025-10-09T15:37:09,,,,,,,,,,,,,
ece.celik@gmail.com,EcCel42@2025,Ece,Çelik,+90 539 619 57 19,Cumhuriyet Cd 8,Istanbul,34236,Turkey,2025-10-09T16:01:38,,,,,,,,,,,,,
pieter.meijer@msn.com,PiMei55$2025,Pieter,Meijer,+31 6 5936 6243,Spui 60,Rotterdam,3099 20,Netherlands,2025-10-09T17:38:37,,,,,,,,,,,,,
santeri.jarvinen@safronix.fi,SaJar98#2024,Santeri,Järvinen,+358 044 6067206,Aleksanterinkatu 180,Helsinki,00785,Finland,2025-10-09T17:38:43,,,,,,,,,,,,,
sanne.mulder393@gmail.com,SaMul80$2025,Sanne,Mulder,+31 6 4185 4380,Spui 77,Amsterdam,1021 68,Netherlands,2025-10-09T17:38:56,Loki,Dog,Male,Cocker Spaniel,False,3.0,0.0,15.6,Underweight,Active,Wet food,Always hungry,Very important
deniz.erdogan@gmail.com,DeErd24@2025,Deniz,Erdoğan,+90 534 385 84 42,Halaskargazi Cd 142,Istanbul,34065,Turkey,2025-10-09T17:55:24,,,,,,,,,,,,,
mehmet.polat@gmail.com,MePol16#2024,Mehmet,Polat,+90 537 227 15 71,Turan Güneş Blv 164,Istanbul,34086,Turkey,2025-10-09T18:06:29,,,,,,,,,,,,,
mert.koc@saha.com,MeKoc95!2024,Mert,Koç,+90 505 461 55 51,Cumhuriyet Cd 226,Istanbul,34807,Turkey,2025-10-09T18:50:42,,,,,,,,,,,,,
silentpanda170@outlook.com,AnVir32@2024,Antti,Virtanen,+358 040 3614885,Itäkatu 66,Helsinki,00325,Finland,2025-10-09T19:41:31,,,,,,,,,,,,,
yusuf.arslan@icloud.com,YuArs68@2024,Yusuf,Arslan,+90 535 634 14 15,Nispetiye Cd 214,Bursa,16622,Turkey,2025-10-09T19:46:30,Sunny,Dog,Male,Beagle,False,2.0,8.0,12.0,Muscular,Less Active,"Dry food, Raw food",Easily distracted,Important
hilal.dogan@gmail.com,HiDog34!2024,Hilal,Doğan,+90 531 825 42 83,Turan Güneş Blv 41,Kayseri,38133,Turkey,2025-10-09T20:02:05,,,,,,,,,,,,,
nina.smit179@gmail.com,NiSmi82$2025,Nina,Smit,+31 6 6313 8076,Lijnbaan 238,Amsterdam,1016 61,Netherlands,2025-10-09T20:17:50,Zoe,Dog,Male,French Bulldog,True,9.0,5.0,10.7,Underweight,Less Active,Dry food,Content and satisfied,Very important
wolf5665@gmail.com,HaAyd11$2025,Hakan,Aydın,+90 534 819 56 36,Halaskargazi Cd 185,Istanbul,34398,Turkey,2025-10-09T20:18:18,,,,,,,,,,,,,
zeynep.erdogan@iberix.com,ZeErd69@2025,Zeynep,Erdoğan,+90 531 626 67 74,İstiklal Cd 151,Istanbul,34660,Turkey,2025-10-09T20:51:57,,,,,,,,,,,,,
asli.arslan747@yahoo.com,AsArs75$2025,Aslı,Arslan,+90 533 327 20 16,Atatürk Blv 75,Istanbul,34589,Turkey,2025-10-09T21:30:01,Pepper,Dog,Male,Shiba Inu,True,1.0,6.0,8.6,Muscular,Very Active,"Dry food, Wet food",Happy and energetic,Very important
urban.sparrow_5004@gmail.com,Rode 15!2025,Rob,de Vries,+31 6 1626 8276,Lijnbaan 81,Amsterdam,1091 91,Netherlands,2025-10-09T21:51:45,,,,,,,,,,,,,
smarteagle13@gmail.com,OlMak96#2024,Olli,Mäkinen,+358 044 7899253,Hämeenkatu 48,Helsinki,00772,Finland,2025-10-09T22:17:28,,,,,,,,,,,,,
elif.aydin684@novatek.io,ElAyd63$2024,Elif,Aydın,+90 539 228 95 42,İstiklal Cd 147,Istanbul,34075,Turkey,2025-10-09T22:50:21,,,,,,,,,,,,,
lisa.vanloon@gmail.com,Livan17@2025,Lisa,van Loon,+31 6 5645 3879,Vismarkt 170,Amsterdam,1018 10,Netherlands,2025-10-09T23:07:53,Cooper,Cat,Female,Sphynx,True,11.0,4.0,3.0,Ideal,Less Active,Raw food,Easily distracted,Very important
anne.kuiper@gmail.com,AnKui51$2025,Anne,Kuiper,+31 6 6752 2373,Kalverstraat 226,Rotterdam,3016 64,Netherlands,2025-10-10T02:17:47,,,,,,,,,,,,,
deniz.demir@yahoo.com,DeDem87@2025,Deniz,Demir,+90 532 821 97 58,Cumhuriyet Cd 7,Gaziantep,27432,Turkey,2025-10-10T02:24:48,Chloe,Dog,Male,Poodle,True,8.0,9.0,23.2,Ideal,Active,Raw food,Content and satisfied,Important
gizem.aydin@gmail.com,GiAyd38!2024,Gizem,Aydın,+90 537 525 95 42,Atatürk Blv 33,Istanbul,34250,Turkey,2025-10-10T02:47:01,,,,,,,,,,,,,
silent.tiger_6569@gmail.com,LiBos39@2025,Lisa,Bos,+31 6 6257 3542,Nieuwezijds Voorburgwal 202,Amsterdam,1038 98,Netherlands,2025-10-10T02:52:46,,,,,,,,,,,,,
sara.ahmadi910@galaxion.de,SaAhm68@2024,Sara,Ahmadi,+98 0912 8502077,Kargar St 248,Mashhad,0327505779,Iran,2025-10-10T03:02:01,,,,,,,,,,,,,
mert.koc@outlook.com,MeKoc16@2025,Mert,Koç,+90 532 353 07 37,Bağdat Cd 81,Kayseri,38829,Turkey,2025-10-10T04:05:20,,,,,,,,,,,,,
urban.koala_9100@gmail.com,CeYal70@2024,Cem,Yalçın,+90 531 228 97 41,Nispetiye Cd 197,Istanbul,34236,Turkey,2025-10-10T04:48:37,,,,,,,,,,,,,
onur.dogan141@outlook.com,OnDog88@2024,Onur,Doğan,+90 538 491 69 11,Turan Güneş Blv 129,Istanbul,34088,Turkey,2025-10-10T04:58:17,,,,,,,,,,,,,
selin.celik@gmail.com,SeCel17@2024,Selin,Çelik,+90 505 136 73 83,Nispetiye Cd 149,Istanbul,34476,Turkey,2025-10-10T05:24:21,,,,,,,,,,,,,
seda.kaya689@outlook.com,SeKay38$2024,Seda,Kaya,+90 530 232 26 16,Cumhuriyet Cd 41,Gaziantep,27410,Turkey,2025-10-10T06:01:09,,,,,,,,,,,,,
sophie.visser@gmail.com,SoVis18@2025,Sophie,Visser,+31 6 6407 6704,Blaak 33,Utrecht,3536 63,Netherlands,2025-10-10T06:07:14,,,,,,,,,,,,,
cem.koc625@yahoo.com,CeKoc31#2024,Cem,Koç,+90 538 569 34 29,Nispetiye Cd 93,Istanbul,34280,Turkey,2025-10-10T06:10:42,,,,,,,,,,,,,
asli.kilic@msn.com,AsKil31!2024,Aslı,Kılıç,+90 534 414 67 41,Atatürk Blv 69,Ankara,06074,Turkey,2025-10-10T06:12:25,,,,,,,,,,,,,
deniz.erdogan@gmail.com,DeErd96#2024,Deniz,Erdoğan,+90 505 899 44 45,Atatürk Blv 249,Istanbul,34969,Turkey,2025-10-10T06:23:51,Milo,Cat,Female,Maine Coon,True,7.0,5.0,5.8,Ideal,Very Active,Raw food,Happy and energetic,Very important
ece.celik802@nordiq.io,EcCel54#2025,Ece,Çelik,+90 538 692 46 05,Atatürk Blv 240,Istanbul,34909,Turkey,2025-10-10T07:01:34,,,,,,,,,,,,,
elina.hamalainen240@gmail.com,ElHam92!2024,Elina,Hämäläinen,+358 044 7880330,Mannerheimintie 172,Oulu,90252,Finland,2025-10-10T07:06:20,,,,,,,,,,,,,
gizem.kaya959@icloud.com,GiKay91!2024,Gizem,Kaya,+90 530 193 79 26,Bağdat Cd 127,Istanbul,34069,Turkey,2025-10-10T07:21:12,,,,,,,,,,,,,
ali.erdogan@yahoo.com,AlErd25!2024,Ali,Erdoğan,+90 535 308 55 41,Nispetiye Cd 72,Antalya,07349,Turkey,2025-10-10T07:28:26,,,,,,,,,,,,,
sanna.korhonen332@yahoo.com,SaKor59$2024,Sanna,Korhonen,+358 044 8672496,Esplanadi 65,Helsinki,00804,Finland,2025-10-10T07:59:31,,,,,,,,,,,,,
sunny.bear_9317@gmail.com,CeYil89$2024,Cem,Yılmaz,+90 539 117 97 40,Bağdat Cd 190,Istanbul,34364,Turkey,2025-10-10T09:02:21,,,,,,,,,,,,,
cem.dogan958@gmail.com,CeDog90@2024,Cem,Doğan,+90 535 917 66 44,Cumhuriyet Cd 13,Istanbul,34554,Turkey,2025-10-10T09:22:08,,,,,,,,,,,,,
pieter.devries@gmail.com,Pide 25$2024,Pieter,de Vries,+31 6 7232 4997,Kalverstraat 6,Utrecht,3529 39,Netherlands,2025-10-10T09:44:36,,,,,,,,,,,,,
cosmic.bear_8394@gmail.com,EcKay10#2025,Ece,Kaya,+90 501 157 39 97,Nispetiye Cd 183,Kayseri,38725,Turkey,2025-10-10T09:50:43,,,,,,,,,,,,,
inge.jansen@gmail.com,InJan84@2024,Inge,Jansen,+31 6 3939 9106,Nieuwezijds Voorburgwal 238,Amsterdam,1065 99,Netherlands,2025-10-10T10:02:18,Daisy,Cat,Female,Siamese,True,4.0,2.0,4.4,Underweight,Less Active,Dry food,Happy and energetic,Important
smart.bear_9807@gmail.com,HiAyd15@2024,Hilal,Aydın,+90 535 630 36 85,Atatürk Blv 146,Bursa,16733,Turkey,2025-10-10T10:07:37,,,,,,,,,,,,,
hilal.aydin383@gmail.com,HiAyd28$2025,Hilal,Aydın,+90 537 228 22 75,İstiklal Cd 171,Istanbul,34202,Turkey,2025-10-10T11:02:15,Sushi,Dog,Male,Beagle,False,5.0,0.0,10.7,Overweight,Moderately Active,"Wet food, Raw food",Happy and energetic,Important
gizem.demir@gmail.com,GiDem30!2025,Gizem,Demir,+90 532 539 26 81,Cumhuriyet Cd 184,Bursa,16933,Turkey,2025-10-10T12:42:07,Loki,Dog,Male,Poodle,True,4.0,0.0,8.8,Overweight,Less Active,"Dry food, Wet food",Always hungry,Important
inge.bakker727@gmail.com,InBak66!2025,Inge,Bakker,+31 6 3380 7763,Damrak 142,Rotterdam,3035 84,Netherlands,2025-10-10T13:06:43,Rocky,Cat,Female,Persian,False,13.0,0.0,4.5,Underweight,Less Active,"Wet food, Raw food",Content and satisfied,Important
berk.kaya@gmail.com,BeKay99@2024,Berk,Kaya,+90 532 502 85 43,İnönü Cd 76,Istanbul,34036,Turkey,2025-10-10T14:18:54,,,,,,,,,,,,,
lion5382@gmail.com,ToBos11$2024,Tom,Bos,+31 6 6471 4943,Kalverstraat 4,Amsterdam,1070 42,Netherlands,2025-10-10T14:40:08,Milo,Dog,Female,Rottweiler,False,5.0,3.0,45.0,Muscular,Very Active,"Dry food, Wet food",Picky eater,Important
ilona.korhonen841@saha.com,IlKor10$2024,Ilona,Korhonen,+358 041 9104848,Mannerheimintie 150,Oulu,90742,Finland,2025-10-10T16:06:56,Luna,Dog,Female,Cocker Spaniel,True,8.0,1.0,14.4,Muscular,Active,"Dry food, Wet food",Always hungry,Very important
mehmet.arslan@zoho.com,MeArs25@2025,Mehmet,Arslan,+90 532 350 46 90,Halaskargazi Cd 91,Ankara,06242,Turkey,2025-10-10T16:50:29,,,,,,,,,,,,,
urban.eagle_3692@yahoo.com,OnKay29#2024,Onur,Kaya,+90 533 299 37 57,İstiklal Cd 31,Istanbul,34152,Turkey,2025-10-10T16:59:22,Tiger,Cat,Male,British Shorthair,False,14.0,1.0,6.0,Ideal,Very Active,"Dry food, Wet food",Always hungry,Very important
selin.kilic@gmail.com,SeKil44#2024,Selin,Kılıç,+90 536 833 09 20,Cumhuriyet Cd 36,Istanbul,34444,Turkey,2025-10-10T17:13:25,,,,,,,,,,,,,
elina.jarvinen@gmail.com,ElJar66!2025,Elina,Järvinen,+358 044 8976626,Itäkatu 98,Tampere,33148,Finland,2025-10-10T17:23:45,,,,,,,,,,,,,
brightpanda30@zoho.com,ElYil12@2024,Elif,Yıldız,+90 539 254 61 85,Bağdat Cd 30,Istanbul,34271,Turkey,2025-10-10T17:32:53,,,,,,,,,,,,,
hilal.kilic557@gmail.com,HiKil26#2024,Hilal,Kılıç,+90 538 937 78 19,Halaskargazi Cd 215,Gaziantep,27223,Turkey,2025-10-10T17:54:13,Pumpkin,Cat,Female,Siamese,True,2.0,3.0,3.8,Muscular,Active,Wet food,Picky eater,Important
rapidlynx406@gmail.com,HiYil72#2025,Hilal,Yıldız,+90 505 950 76 82,Atatürk Blv 55,Istanbul,34366,Turkey,2025-10-10T18:02:26,,,,,,,,,,,,,
berk.kaya@datamint.tr,BeKay69@2025,Berk,Kaya,+90 505 760 77 01,Bağdat Cd 125,Istanbul,34350,Turkey,2025-10-10T18:07:28,,,,,,,,,,,,,
smart.eagle_1469@outlook.com,IlVir24@2025,Ilona,Virtanen,+358 050 7698941,Aleksanterinkatu 62,Helsinki,00873,Finland,2025-10-10T18:18:11,Buddy,Cat,Female,Sphynx,False,9.0,1.0,4.5,Underweight,Moderately Active,Raw food,Happy and energetic,Important
maarten.devries745@iberix.tr,Made 57$2025,Maarten,de Vries,+31 6 4506 8018,Blaak 235,Amsterdam,1021 12,Netherlands,2025-10-10T19:03:43,,,,,,,,,,,,,
gizem.yalcin@msn.com,GiYal60!2025,Gizem,Yalçın,+90 535 125 44 52,Cumhuriyet Cd 93,Istanbul,34789,Turkey,2025-10-10T19:14:43,,,,,,,,,,,,,
laura.jarvinen@gmail.com,LaJar57$2024,Laura,Järvinen,+358 044 4221010,Itäkatu 206,Turku,20569,Finland,2025-10-10T19:31:34,Misty,Cat,Male,Ragdoll,True,14.0,1.0,5.2,Ideal,Active,"Dry food, Wet food",Picky eater,Very important
