email,password,first_name,last_name,phone,address,city,zip_code,country,date_joined,pet_name,pet_type,pet_gender,pet_breed,pet_neutered,pet_age_years,pet_age_months,pet_weight,pet_body_type,pet_activity_level,pet_food_types,pet_food_feeling,pet_food_importance
jan.bos190@gmail.com,JaBos53!2024,Jan,Bos,+31 6 7297 1090,Coolsingel 40,Amsterdam,1097 10,Netherlands,2025-08-31T04:36:56,,,,,,,,,,,,,
cansu.yildiz281@gmail.com,CaYil49@2025,Cansu,Yıldız,+90 532 966 94 84,Halaskargazi Cd 173,Istanbul,34364,Turkey,2025-09-08T22:06:25,,,,,,,,,,,,,
dog4304@gmail.com,ZeAks70@2025,Zeynep,Aksoy,+90 537 565 95 60,Bağdat Cd 227,Istanbul,34103,Turkey,2025-09-09T13:45:33,,,,,,,,,,,,,
gizem.kilic893@icloud.com,GiKil78@2024,Gizem,Kılıç,+90 533 987 07 66,İnönü Cd 22,Istanbul,34931,Turkey,2025-09-10T11:16:15,,,,,,,,,,,,,
ali.kilic@gmail.com,AlKil64!2024,Ali,Kılıç,+90 505 818 08 78,Turan Güneş Blv 249,Istanbul,34222,Turkey,2025-09-11T15:23:26,,,,,,,,,,,,,
ece.dogan@yahoo.com,EcDog16$2024,Ece,Doğan,+90 534 284 32 75,Atatürk Blv 221,Istanbul,34025,Turkey,2025-09-12T00:55:29,,,,,,,,,,,,,
selin.celik469@yahoo.com,SeCel44$2024,Selin,Çelik,+90 530 581 45 72,Nispetiye Cd 64,Istanbul,34710,Turkey,2025-09-13T12:49:14,Loki,Cat,Male,Ragdoll,False,3.0,2.0,7.4,Ideal,Active,Dry food,Happy and energetic,Very important
mehmet.aydin@gmail.com,MeAyd74$2025,Mehmet,Aydın,+90 532 901 73 95,Bağdat Cd 224,Istanbul,34113,Turkey,2025-09-14T08:45:33,,,,,,,,,,,,,
burak.yalcin@icloud.com,BuYal69$2025,Burak,Yalçın,+90 534 317 76 46,İstiklal Cd 202,Istanbul,34934,Turkey,2025-09-14T23:37:22,,,,,,,,,,,,,
ayse.erdogan@gmail.com,AyErd45#2024,Ayşe,Erdoğan,+90 535 928 24 34,Bağdat Cd 74,Istanbul,34530,Turkey,2025-09-15T08:40:34,,,,,,,,,,,,,
deniz.aksoy327@mervis.net,DeAks82$2025,Deniz,Aksoy,+90 532 280 86 42,Cumhuriyet Cd 58,Istanbul,34143,Turkey,2025-09-15T22:27:51,,,,,,,,,,,,,
elif.polat482@gmail.com,ElPol67!2025,Elif,Polat,+90 530 669 94 15,İstiklal Cd 169,Istanbul,34256,Turkey,2025-09-16T09:48:56,,,,,,,,,,,,,
hilal.polat@gmail.com,HiPol36$2025,Hilal,Polat,+90 531 168 21 72,Atatürk Blv 118,Istanbul,34205,Turkey,2025-09-16T11:12:00,,,,,,,,,,,,,
onur.aksoy309@outlook.com,OnAks38!2024,Onur,Aksoy,+90 533 274 62 49,Cumhuriyet Cd 118,Istanbul,34977,Turkey,2025-09-17T06:58:30,Max,Dog,Female,Beagle,True,3.0,7.0,10.7,Muscular,Moderately Active,"Dry food, Wet food",Calm and balanced,Very important
ali.ozturk@gmail.com,AlOzt39$2025,Ali,Öztürk,+90 533 676 37 69,Halaskargazi Cd 211,Istanbul,34889,Turkey,2025-09-17T09:26:38,,,,,,,,,,,,,
eagle4489@gmail.com,CeCel23!2025,Cem,Çelik,+90 530 567 81 31,Bağdat Cd 209,Istanbul,34764,Turkey,2025-09-17T13:44:56,Cooper,Dog,Male,Shiba Inu,True,3.0,4.0,7.5,Underweight,Less Active,"Wet food, Raw food",Happy and energetic,Very important
asli.koc@icloud.com,AsKoc20!2024,Aslı,Koç,+90 538 843 45 09,Bağdat Cd 212,Konya,42789,Turkey,2025-09-18T01:52:37,,,,,,,,,,,,,
ayse.ozturk@gmail.com,AyOzt13#2025,Ayşe,Öztürk,+90 534 805 24 90,Turan Güneş Blv 31,Istanbul,34612,Turkey,2025-09-18T03:35:26,,,,,,,,,,,,,
lisa.vandermeer841@yahoo.com,Livan85!2025,Lisa,van der Meer,+31 6 6838 7648,Spui 20,Amsterdam,1041 27,Netherlands,2025-09-18T14:53:01,,,,,,,,,,,,,
berk.yalcin@outlook.com,BeYal10@2025,Berk,Yalçın,+90 501 101 74 53,Bağdat Cd 27,Istanbul,34000,Turkey,2025-09-19T00:25:01,Poppy,Dog,Male,French Bulldog,True,12.0,11.0,9.6,Ideal,Very Active,"Wet food, Raw food",Always hungry,Very important
silver.eagle_4075@gmail.com,SeYil74$2024,Selin,Yıldız,+90 534 984 11 42,Halaskargazi Cd 178,Istanbul,34515,Turkey,2025-09-19T02:50:58,,,,,,,,,,,,,
yusuf.ozturk650@gmail.com,YuOzt22$2024,Yusuf,Öztürk,+90 535 404 71 48,Halaskargazi Cd 240,Bursa,16423,Turkey,2025-09-19T05:52:00,,,,,,,,,,,,,
panda2629@yahoo.com,ElMoh85@2025,Elham,Mohammadi,+98 0991 3892452,Valiasr St 212,Isfahan,9608961078,Iran,2025-09-19T12:29:30,,,,,,,,,,,,,
seda.kaya112@eurogrid.ai,SeKay67!2025,Seda,Kaya,+90 537 648 33 77,Bağdat Cd 57,Istanbul,34344,Turkey,2025-09-20T07:32:23,,,,,,,,,,,,,
gizem.yilmaz809@outlook.com,GiYil24!2024,Gizem,Yılmaz,+90 536 899 25 87,İstiklal Cd 95,Istanbul,34107,Turkey,2025-09-20T17:06:42,,,,,,,,,,,,,
gizem.koc505@gmail.com,GiKoc57@2024,Gizem,Koç,+90 505 330 15 69,Nispetiye Cd 164,Istanbul,34818,Turkey,2025-09-20T17:08:21,,,,,,,,,,,,,
kalle.heikkinen742@msn.com,KaHei83$2025,Kalle,Heikkinen,+358 041 6147789,Itäkatu 237,Helsinki,00076,Finland,2025-09-20T21:48:59,Pumpkin,Cat,Female,Persian,False,15.0,8.0,4.8,Ideal,Active,"Dry food, Raw food",Picky eater,Very important
ayse.erdogan@outlook.com,AyErd12@2024,Ayşe,Erdoğan,+90 533 325 25 92,İstiklal Cd 76,Antalya,07647,Turkey,2025-09-20T22:30:14,,,,,,,,,,,,,
selin.polat23@outlook.com,SePol11$2025,Selin,Polat,+90 533 969 81 24,Bağdat Cd 101,Istanbul,34961,Turkey,2025-09-21T03:33:48,Max,Cat,Female,Ragdoll,True,5.0,0.0,8.1,Overweight,Less Active,Wet food,Picky eater,Very important
yusuf.celik@gmail.com,YuCel18$2024,Yusuf,Çelik,+90 538 203 03 53,Atatürk Blv 39,Istanbul,34333,Turkey,2025-09-21T07:33:44,Kiki,Dog,Female,Shiba Inu,True,10.0,9.0,10.7,Overweight,Moderately Active,Dry food,Happy and energetic,Important
sunnybear879@saha.com,EcErd89!2024,Ece,Erdoğan,+90 539 624 12 78,İstiklal Cd 19,Izmir,35955,Turkey,2025-09-21T08:13:07,,,,,,,,,,,,,
emre.koc@gmail.com,EmKoc87$2024,Emre,Koç,+90 532 587 90 89,Halaskargazi Cd 241,Mersin,33843,Turkey,2025-09-21T10:19:00,Zoe,Dog,Male,Beagle,False,11.0,6.0,10.8,Muscular,Less Active,"Dry food, Raw food",Calm and balanced,Very important
burak.kilic@gmail.com,BuKil85#2024,Burak,Kılıç,+90 538 646 14 45,Turan Güneş Blv 154,Istanbul,34755,Turkey,2025-09-21T19:47:18,,,,,,,,,,,,,
asli.dogan@msn.com,AsDog17!2024,Aslı,Doğan,+90 505 198 12 96,Atatürk Blv 220,Istanbul,34629,Turkey,2025-09-21T20:34:05,,,,,,,,,,,,,
ilona.heikkinen391@gmail.com,IlHei59!2024,Ilona,Heikkinen,+358 040 9565651,Hämeenkatu 138,Helsinki,00962,Finland,2025-09-22T02:21:14,Sushi,Dog,Female,French Bulldog,False,8.0,9.0,10.2,Ideal,Less Active,"Dry food, Raw food",Happy and energetic,Important
anne.visser@gmail.com,AnVis41$2025,Anne,Visser,+31 6 9716 4990,Blaak 84,Amsterdam,1078 18,Netherlands,2025-09-22T02:58:59,,,,,,,,,,,,,
silent.falcon_1949@tutanota.com,MiLai57@2025,Mika,Laine,+358 040 6193767,Aleksanterinkatu 41,Helsinki,00683,Finland,2025-09-22T03:38:00,Cooper,Cat,Female,Maine Coon,True,8.0,2.0,7.4,Muscular,Less Active,"Dry food, Raw food",Content and satisfied,Very important
onur.celik@outlook.com,OnCel33!2024,Onur,Çelik,+90 535 301 65 05,Atatürk Blv 75,Adana,01337,Turkey,2025-09-22T04:54:06,,,,,,,,,,,,,
hossein.mohammadi316@yahoo.com,HoMoh59!2024,Hossein,Mohammadi,+98 0935 9781093,Pasdaran St 100,Tehran,9139547578,Iran,2025-09-22T17:04:12,,,,,,,,,,,,,
sunnyotter451@gmail.com,BeCel67@2024,Berk,Çelik,+90 536 668 99 63,Cumhuriyet Cd 32,Istanbul,34996,Turkey,2025-09-22T22:04:04,,,,,,,,,,,,,
cosmiclion89@gmail.com,YuOzt34#2024,Yusuf,Öztürk,+90 505 912 67 15,Cumhuriyet Cd 26,Gaziantep,27947,Turkey,2025-09-22T22:45:32,,,,,,,,,,,,,
aino.koskinen@gmail.com,AiKos83@2024,Aino,Koskinen,+358 050 3013502,Kalevankatu 76,Espoo,02724,Finland,2025-09-23T01:18:47,Sushi,Dog,Male,Rottweiler,True,4.0,7.0,37.2,Overweight,Moderately Active,Wet food,Picky eater,Very important
falcon6791@gmail.com,HaYal12@2025,Hakan,Yalçın,+90 531 284 01 07,Nispetiye Cd 50,Istanbul,34480,Turkey,2025-09-23T02:22:22,,,,,,,,,,,,,
rob.visser159@gmail.com,RoVis60@2025,Rob,Visser,+31 6 2355 4700,Nieuwezijds Voorburgwal 155,Rotterdam,3029 07,Netherlands,2025-09-23T07:09:06,,,,,,,,,,,,,
ece.demir93@gmail.com,EcDem63#2025,Ece,Demir,+90 536 120 12 75,İstiklal Cd 238,Istanbul,34249,Turkey,2025-09-23T08:34:02,,,,,,,,,,,,,
onur.kilic@gmail.com,OnKil67@2024,Onur,Kılıç,+90 539 684 51 88,Bağdat Cd 213,Istanbul,34088,Turkey,2025-09-23T09:20:13,,,,,,,,,,,,,
juha.koskinen950@gmail.com,JuKos84#2024,Juha,Koskinen,+358 050 6394900,Aleksanterinkatu 3,Turku,20519,Finland,2025-09-23T18:28:56,,,,,,,,,,,,,
smartotter828@outlook.com,CaYil64#2024,Can,Yıldız,+90 501 800 27 51,Cumhuriyet Cd 220,Istanbul,34423,Turkey,2025-09-23T19:19:25,Daisy,Dog,Male,Cocker Spaniel,True,4.0,10.0,15.9,Muscular,Very Active,"Wet food, Raw food",Content and satisfied,Important
berk.koc391@gmail.com,BeKoc66#2025,Berk,Koç,+90 536 282 59 45,İstiklal Cd 210,Istanbul,34600,Turkey,2025-09-23T23:25:03,,,,,,,,,,,,,
lynx9613@gmail.com,AnLai85$2025,Antti,Laine,+358 044 6585699,Hämeenkatu 191,Espoo,02985,Finland,2025-09-24T00:23:16,,,,,,,,,,,,,
berk.erdogan@msn.com,BeErd89@2024,Berk,Erdoğan,+90 501 308 18 02,Halaskargazi Cd 90,Istanbul,34959,Turkey,2025-09-24T09:36:21,,,,,,,,,,,,,
ali.celik@zoho.com,AlCel74@2025,Ali,Çelik,+90 533 518 03 90,Atatürk Blv 127,Adana,01470,Turkey,2025-09-24T11:02:57,,,,,,,,,,,,,
elif.arslan@auroradata.fi,ElArs64@2025,Elif,Arslan,+90 537 202 59 64,Atatürk Blv 235,Istanbul,34311,Turkey,2025-09-24T12:01:24,,,,,,,,,,,,,
rob.vanloon@gmail.com,Rovan11!2025,Rob,van Loon,+31 6 4018 6642,Lijnbaan 78,Amsterdam,1014 93,Netherlands,2025-09-24T14:06:25,,,,,,,,,,,,,
bear2736@gmail.com,BeOzt21@2025,Berk,Öztürk,+90 538 720 38 28,Halaskargazi Cd 143,Konya,42276,Turkey,2025-09-24T14:49:46,,,,,,,,,,,,,
emre.dogan@gmail.com,EmDog34#2024,Emre,Doğan,+90 532 970 82 01,İnönü Cd 213,Istanbul,34767,Turkey,2025-09-24T15:29:28,,,,,,,,,,,,,
asli.kaya@gmail.com,AsKay52#2024,Aslı,Kaya,+90 539 104 44 98,İstiklal Cd 76,Istanbul,34123,Turkey,2025-09-24T16:28:01,,,,,,,,,,,,,
mert.yildiz978@iberix.fi,MeYil59$2025,Mert,Yıldız,+90 530 562 27 53,Cumhuriyet Cd 14,Istanbul,34581,Turkey,2025-09-24T17:08:35,,,,,,,,,,,,,
wolf7023@gmail.com,OlKos89@2025,Olli,Koskinen,+358 041 8529007,Esplanadi 109,Helsinki,00035,Finland,2025-09-24T23:27:37,,,,,,,,,,,,,
cem.kaya@outlook.com,CeKay84#2024,Cem,Kaya,+90 532 110 48 15,Bağdat Cd 53,Kayseri,38246,Turkey,2025-09-25T05:24:32,,,,,,,,,,,,,
eva.devries272@outlook.com,Evde 74$2025,Eva,de Vries,+31 6 6910 5448,Spui 140,Amsterdam,1070 33,Netherlands,2025-09-25T09:38:53,,,,,,,,,,,,,
cansu.arslan700@msn.com,CaArs18!2025,Cansu,Arslan,+90 532 397 70 98,Cumhuriyet Cd 81,Istanbul,34611,Turkey,2025-09-25T10:55:17,,,,,,,,,,,,,
jonas.dubois@icloud.com,JoDub16$2024,Jonas,Dubois,+39 334 460 112,Champs-Élysées 114,Milan,20121,Italy,2025-09-25T11:54:13,,,,,,,,,,,,,
smartwolf380@gmail.com,MaMul66@2025,Maarten,Mulder,+31 6 3007 5535,Coolsingel 146,Amsterdam,1036 58,Netherlands,2025-09-25T13:35:27,Smokey,Cat,Female,Sphynx,True,8.0,1.0,4.5,Muscular,Active,"Dry food, Wet food",Calm and balanced,Very important
hakan.demir@gmail.com,HaDem56#2025,Hakan,Demir,+90 537 866 81 19,Nispetiye Cd 144,Istanbul,34239,Turkey,2025-09-25T18:01:12,,,,,,,,,,,,,
eva.meijer478@gmail.com,EvMei11@2024,Eva,Meijer,+31 6 4324 2450,Spui 101,Amsterdam,1005 04,Netherlands,2025-09-25T18:45:09,,,,,,,,,,,,,
ayse.erdogan416@gmail.com,AyErd25!2025,Ayşe,Erdoğan,+90 501 261 33 47,İstiklal Cd 71,Istanbul,34491,Turkey,2025-09-25T19:18:36,Milo,Cat,Female,Ragdoll,False,6.0,5.0,5.7,Overweight,Active,Raw food,Easily distracted,Important
wolf1757@gmail.com,AsKoc53@2024,Aslı,Koç,+90 536 130 47 08,Nispetiye Cd 132,Adana,01323,Turkey,2025-09-25T20:08:30,,,,,,,,,,,,,
zeynep.erdogan454@gmail.com,ZeErd60#2024,Zeynep,Erdoğan,+90 501 568 50 28,İnönü Cd 222,Istanbul,34168,Turkey,2025-09-25T20:55:57,Hazel,Cat,Female,Ragdoll,True,16.0,3.0,6.1,Overweight,Less Active,"Dry food, Raw food",Calm and balanced,Very important
emre.aksoy@gmail.com,EmAks68#2024,Emre,Aksoy,+90 532 683 86 57,İstiklal Cd 13,Istanbul,34598,Turkey,2025-09-25T21:40:00,Loki,Cat,Female,Persian,True,13.0,5.0,3.1,Muscular,Active,"Wet food, Raw food",Always hungry,Very important
blue.owl_6060@gmail.com,CaSah52@2024,Can,Şahin,+90 530 670 60 72,Halaskargazi Cd 138,Gaziantep,27708,Turkey,2025-09-26T00:39:25,,,,,,,,,,,,,
aino.virtanen@outlook.com,AiVir20#2024,Aino,Virtanen,+358 050 1026947,Mannerheimintie 121,Lahti,15515,Finland,2025-09-26T01:12:39,,,,,,,,,,,,,
ayse.dogan800@gmail.com,AyDog82$2025,Ayşe,Doğan,+90 532 749 37 43,Bağdat Cd 209,Istanbul,34224,Turkey,2025-09-26T02:08:54,,,,,,,,,,,,,
antti.heikkinen163@gmail.com,AnHei80#2025,Antti,Heikkinen,+358 050 6296181,Itäkatu 121,Kuopio,70853,Finland,2025-09-26T03:44:08,Buddy,Dog,Female,Golden Retriever,False,2.0,11.0,33.0,Overweight,Active,"Dry food, Wet food",Happy and energetic,Important
ayse.arslan756@gmail.com,AyArs91@2024,Ayşe,Arslan,+90 505 907 06 51,Halaskargazi Cd 80,Istanbul,34583,Turkey,2025-09-26T04:41:15,,,,,,,,,,,,,
gizem.koc282@outlook.com,GiKoc39!2024,Gizem,Koç,+90 536 845 63 95,Nispetiye Cd 183,Istanbul,34660,Turkey,2025-09-26T07:14:36,,,,,,,,,,,,,
urban.eagle_9597@gmail.com,HaErd48!2024,Hakan,Erdoğan,+90 537 999 97 93,Cumhuriyet Cd 133,Istanbul,34434,Turkey,2025-09-26T12:50:41,,,,,,,,,,,,,
hilal.yalcin@outlook.com,HiYal44@2025,Hilal,Yalçın,+90 501 139 39 10,Atatürk Blv 89,Konya,42056,Turkey,2025-09-26T16:50:20,,,,,,,,,,,,,
eva.bos@yandex.com,EvBos99@2025,Eva,Bos,+31 6 3941 0478,Spui 171,Amsterdam,1065 29,Netherlands,2025-09-26T16:51:13,Cooper,Dog,Female,Cocker Spaniel,True,4.0,10.0,12.4,Overweight,Moderately Active,"Dry food, Wet food",Always hungry,Very important
lion5434@novatek.fi,YuKil14!2024,Yusuf,Kılıç,+90 537 265 83 73,Bağdat Cd 85,Istanbul,34321,Turkey,2025-09-26T17:53:54,,,,,,,,,,,,,
luckypanda133@outlook.com,YuKoc60$2024,Yusuf,Koç,+90 534 109 82 03,İstiklal Cd 201,Istanbul,34433,Turkey,2025-09-26T19:17:30,Shadow,Cat,Female,Siamese,True,16.0,8.0,3.7,Ideal,Active,Raw food,Happy and energetic,Important
silentpanda433@gmail.com,AsArs33!2024,Aslı,Arslan,+90 530 482 49 75,Atatürk Blv 106,Istanbul,34591,Turkey,2025-09-26T21:09:47,,,,,,,,,,,,,
berk.polat260@gmail.com,BePol57!2024,Berk,Polat,+90 534 523 37 20,İstiklal Cd 55,Istanbul,34597,Turkey,2025-09-26T23:36:42,,,,,,,,,,,,,
mehmet.kaya@gmail.com,MeKay51#2024,Mehmet,Kaya,+90 501 323 78 18,Halaskargazi Cd 169,Istanbul,34403,Turkey,2025-09-27T00:28:51,,,,,,,,,,,,,
ayse.kilic923@gmail.com,AyKil52!2025,Ayşe,Kılıç,+90 531 706 27 73,Cumhuriyet Cd 85,Antalya,07176,Turkey,2025-09-27T02:15:16,,,,,,,,,,,,,
zeynep.dogan@gmail.com,ZeDog95@2025,Zeynep,Doğan,+90 535 929 58 22,Turan Güneş Blv 84,Istanbul,34043,Turkey,2025-09-27T05:43:00,,,,,,,,,,,,,
antti.nieminen955@gmail.com,AnNie68!2024,Antti,Nieminen,+358 041 4872473,Kalevankatu 31,Helsinki,00199,Finland,2025-09-27T06:49:28,Coco,Dog,Female,French Bulldog,True,8.0,8.0,12.5,Overweight,Moderately Active,Dry food,Calm and balanced,Very important
seda.ozturk660@outlook.com,SeOzt89!2024,Seda,Öztürk,+90 536 176 95 80,Nispetiye Cd 126,Istanbul,34529,Turkey,2025-09-27T08:55:36,,,,,,,,,,,,,
hakan.yilmaz@gmail.com,HaYil10!2024,Hakan,Yılmaz,+90 536 690 94 87,Halaskargazi Cd 12,Kayseri,38971,Turkey,2025-09-27T10:39:33,,,,,,,,,,,,,
can.dogan@msn.com,CaDog81#2025,Can,Doğan,+90 531 104 87 17,Halaskargazi Cd 231,Istanbul,34457,Turkey,2025-09-27T10:57:46,Hazel,Dog,Female,Poodle,True,5.0,11.0,17.5,Underweight,Active,"Dry food, Raw food",Picky eater,Important
can.yildiz728@yahoo.com,CaYil13!2024,Can,Yıldız,+90 539 442 72 93,Cumhuriyet Cd 11,Istanbul,34695,Turkey,2025-09-27T11:33:13,,,,,,,,,,,,,
yusuf.demir@gmail.com,YuDem62$2025,Yusuf,Demir,+90 538 279 87 88,İnönü Cd 14,Istanbul,34007,Turkey,2025-09-27T13:48:02,,,,,,,,,,,,,
pouya.rezai@icloud.com,PoRez83#2024,Pouya,Rezai,+98 0935 5779465,Kargar St 106,Tehran,1960184975,Iran,2025-09-27T14:14:28,,,,,,,,,,,,,
alejandro.lefevre@eurogrid.nl,AlLef63!2025,Alejandro,Lefevre,+34 619 258 820,Ringstraße 8,Barcelona,08001,Spain,2025-09-27T16:45:13,,,,,,,,,,,,,
femke.vanvliet@gmail.com,Fevan96@2025,Femke,van Vliet,+31 6 2376 6284,Damrak 205,Den Bosch,5234 86,Netherlands,2025-09-27T18:43:11,Bella,Cat,Female,Persian,False,9.0,2.0,3.6,Overweight,Moderately Active,"Dry food, Wet food",Picky eater,Very important
cansu.celik814@gmail.com,CaCel27$2025,Cansu,Çelik,+90 537 691 93 58,İnönü Cd 61,Istanbul,34286,Turkey,2025-09-27T21:08:28,,,,,,,,,,,,,
berk.dogan637@gmail.com,BeDog94#2024,Berk,Doğan,+90 536 735 03 10,Turan Güneş Blv 208,Kayseri,38418,Turkey,2025-09-27T22:06:38,Misty,Dog,Male,French Bulldog,False,5.0,6.0,10.1,Muscular,Less Active,Wet food,Calm and balanced,Important
veera.korhonen@zoho.com,VeKor65!2025,Veera,Korhonen,+358 040 4811583,Mannerheimintie 103,Kuopio,70716,Finland,2025-09-27T23:44:37,Chloe,Cat,Male,Maine Coon,True,7.0,10.0,5.2,Ideal,Very Active,"Dry food, Wet food",Easily distracted,Important
sunnyfalcon280@iberix.de,BeArs79@2025,Berk,Arslan,+90 537 189 56 60,İstiklal Cd 20,Mersin,33457,Turkey,2025-09-28T04:44:04,,,,,,,,,,,,,
hakan.kaya@icloud.com,HaKay99#2025,Hakan,Kaya,+90 532 355 34 61,İnönü Cd 125,Istanbul,34215,Turkey,2025-09-28T04:59:44,,,,,,,,,,,,,
tom.jansen201@icloud.com,ToJan67@2025,Tom,Jansen,+31 6 2724 2956,Damrak 190,Rotterdam,3057 29,Netherlands,2025-09-28T05:26:23,,,,,,,,,,,,,
whale371@saha.com,KaHam63!2024,Kalle,Hämäläinen,+358 050 3746128,Aleksanterinkatu 179,Oulu,90590,Finland,2025-09-28T07:07:49,Oreo,Dog,Male,Labrador Retriever,True,10.0,5.0,32.1,Overweight,Less Active,Dry food,Easily distracted,Important
sophie.smit687@gmail.com,SoSmi59!2024,Sophie,Smit,+31 6 4192 6500,Spui 224,Amsterdam,1029 36,Netherlands,2025-09-28T07:25:54,,,,,,,,,,,,,
olli.jarvinen364@icloud.com,OlJar21@2024,Olli,Järvinen,+358 050 9800918,Itäkatu 53,Tampere,33066,Finland,2025-09-28T08:49:45,,,,,,,,,,,,,
bear220@msn.com,CaSah39!2025,Cansu,Şahin,+90 533 560 03 79,Bağdat Cd 203,Gaziantep,27038,Turkey,2025-09-28T11:06:49,,,,,,,,,,,,,
noah.vanloon321@gmail.com,Novan29#2025,Noah,van Loon,+31 6 9292 3325,Vismarkt 18,Rotterdam,3018 08,Netherlands,2025-09-28T11:48:49,,,,,,,,,,,,,
emmi.koskinen176@gmail.com,EmKos41@2025,Emmi,Koskinen,+358 041 9101171,Kalevankatu 138,Helsinki,00129,Finland,2025-09-28T12:41:42,,,,,,,,,,,,,
mert.kilic462@gmail.com,MeKil43$2024,Mert,Kılıç,+90 535 980 34 70,İnönü Cd 96,Istanbul,34676,Turkey,2025-09-28T13:09:12,,,,,,,,,,,,,
swiftwhale817@mail.com,SeKoc25!2024,Selin,Koç,+90 536 911 77 62,Nispetiye Cd 132,Istanbul,34551,Turkey,2025-09-28T14:24:49,,,,,,,,,,,,,
burak.yildiz549@icloud.com,BuYil88@2025,Burak,Yıldız,+90 531 727 77 16,Atatürk Blv 193,Istanbul,34086,Turkey,2025-09-28T15:11:51,,,,,,,,,,,,,
berk.erdogan@verdan.fi,BeErd25#2025,Berk,Erdoğan,+90 535 636 09 29,İstiklal Cd 238,Mersin,33259,Turkey,2025-09-28T16:50:33,,,,,,,,,,,,,
bluelion472@auroradata.es,SeSah93@2025,Seda,Şahin,+90 537 918 88 97,Nispetiye Cd 139,Istanbul,34018,Turkey,2025-09-28T21:21:59,,,,,,,,,,,,,
blue.bear_5837@outlook.com,HaArs32@2024,Hakan,Arslan,+90 537 891 69 32,Turan Güneş Blv 201,Istanbul,34300,Turkey,2025-09-28T22:38:49,,,,,,,,,,,,,
eva.meijer@gmail.com,EvMei74$2024,Eva,Meijer,+31 6 4686 2725,Vismarkt 111,Rotterdam,3096 89,Netherlands,2025-09-28T22:50:40,,,,,,,,,,,,,
eero.laine355@gmail.com,EeLai14#2024,Eero,Laine,+358 041 4044994,Mannerheimintie 195,Kuopio,70583,Finland,2025-09-28T22:51:12,,,,,,,,,,,,,
antti.nieminen@mervis.net,AnNie83@2025,Antti,Nieminen,+358 044 9459087,Aleksanterinkatu 149,Helsinki,00775,Finland,2025-09-28T23:17:35,Chloe,Dog,Male,Poodle,False,8.0,5.0,20.5,Ideal,Less Active,Raw food,Happy and energetic,Very important
ece.arslan@outlook.com,EcArs72#2024,Ece,Arslan,+90 533 247 89 13,Atatürk Blv 47,Istanbul,34249,Turkey,2025-09-29T02:10:02,Cookie,Dog,Female,Cocker Spaniel,True,3.0,3.0,15.8,Underweight,Less Active,"Dry food, Wet food",Content and satisfied,Very important
blue.falcon_4457@gmail.com,Tovan98$2025,Tom,van Loon,+31 6 9001 7179,Damrak 239,Rotterdam,3036 78,Netherlands,2025-09-29T05:33:07,,,,,,,,,,,,,
pierre.lefevre728@msn.com,PiLef19@2025,Pierre,Lefevre,+33 6 65 48 68 83,Ringstraße 51,Paris,75001,France,2025-09-29T05:55:58,,,,,,,,,,,,,
golden.bear_7141@gmail.com,CeDem98$2024,Cem,Demir,+90 539 913 47 44,İstiklal Cd 244,Istanbul,34828,Turkey,2025-09-29T06:25:28,,,,,,,,,,,,,
emre.celik940@gmail.com,EmCel76@2025,Emre,Çelik,+90 538 218 59 91,Halaskargazi Cd 176,Kayseri,38277,Turkey,2025-09-29T06:59:51,Milo,Dog,Male,French Bulldog,True,2.0,1.0,12.6,Muscular,Moderately Active,"Dry food, Raw food",Happy and energetic,Very important
hakan.aksoy190@gmail.com,HaAks93#2024,Hakan,Aksoy,+90 532 249 48 36,Atatürk Blv 96,Bursa,16132,Turkey,2025-09-29T08:14:24,Zoe,Cat,Male,Ragdoll,False,8.0,3.0,8.8,Ideal,Very Active,"Dry food, Wet food",Always hungry,Very important
deniz.polat@outlook.com,DePol96$2024,Deniz,Polat,+90 532 897 59 25,Atatürk Blv 215,Istanbul,34678,Turkey,2025-09-29T08:27:37,,,,,,,,,,,,,
cem.sahin553@proton.me,CeSah50#2024,Cem,Şahin,+90 533 612 84 47,Cumhuriyet Cd 181,Kayseri,38105,Turkey,2025-09-29T10:15:12,,,,,,,,,,,,,
anna.bianchi@saha.com,AnBia51#2025,Anna,Bianchi,+34 638 234 545,Unter den Linden 126,Madrid,28001,Spain,2025-09-29T11:17:24,,,,,,,,,,,,,
mika.laine878@gmail.com,MiLai23!2024,Mika,Laine,+358 044 6463980,Esplanadi 117,Helsinki,00552,Finland,2025-09-29T11:22:37,,,,,,,,,,,,,
can.yalcin117@icloud.com,CaYal67!2025,Can,Yalçın,+90 505 295 64 40,İstiklal Cd 59,Istanbul,34333,Turkey,2025-09-29T11:48:04,,,,,,,,,,,,,
zeynep.demir@yahoo.com,ZeDem81$2024,Zeynep,Demir,+90 532 569 38 16,İstiklal Cd 47,Ankara,06709,Turkey,2025-09-29T14:12:49,,,,,,,,,,,,,
santeri.heikkinen968@gmail.com,SaHei30!2025,Santeri,Heikkinen,+358 050 2262379,Esplanadi 156,Helsinki,00399,Finland,2025-09-29T14:31:01,Coco,Dog,Female,Shiba Inu,False,6.0,9.0,9.0,Underweight,Moderately Active,Dry food,Calm and balanced,Very important
gizem.aksoy@icloud.com,GiAks29!2025,Gizem,Aksoy,+90 534 802 51 20,İnönü Cd 176,Istanbul,34463,Turkey,2025-09-29T14:46:08,,,,,,,,,,,,,
elham.mohammadi@gmail.com,ElMoh39$2025,Elham,Mohammadi,+98 0912 1157494,Niavaran St 215,Tehran,4932172418,Iran,2025-09-29T15:37:26,,,,,,,,,,,,,
urban.wolf_8020@msn.com,JuJar18@2024,Juha,Järvinen,+358 044 2336257,Hämeenkatu 52,Helsinki,00307,Finland,2025-09-29T17:34:56,Max,Dog,Male,Border Collie,True,10.0,11.0,16.8,Overweight,Moderately Active,"Dry food, Wet food",Happy and energetic,Very important
onur.ozturk@outlook.com,OnOzt92#2024,Onur,Öztürk,+90 539 178 19 60,Halaskargazi Cd 147,Mersin,33974,Turkey,2025-09-29T17:40:43,,,,,,,,,,,,,
nina.vandermeer487@eurogrid.nl,Nivan45#2024,Nina,van der Meer,+31 6 1674 4303,Kalverstraat 122,Amsterdam,1067 65,Netherlands,2025-09-29T21:39:07,Oreo,Cat,Male,Bengal,False,7.0,1.0,3.6,Ideal,Moderately Active,Wet food,Content and satisfied,Very important
cansu.sahin661@gmail.com,CaSah72#2024,Cansu,Şahin,+90 533 556 52 40,İstiklal Cd 73,Istanbul,34291,Turkey,2025-09-29T22:16:17,,,,,,,,,,,,,
elif.aksoy196@gmail.com,ElAks93$2025,Elif,Aksoy,+90 536 863 77 63,Turan Güneş Blv 45,Istanbul,34903,Turkey,2025-09-29T22:16:38,,,,,,,,,,,,,
elif.sahin@outlook.com,ElSah76@2024,Elif,Şahin,+90 533 921 52 78,İstiklal Cd 78,Istanbul,34514,Turkey,2025-09-30T00:37:13,,,,,,,,,,,,,
cansu.aksoy@gmail.com,CaAks88@2025,Cansu,Aksoy,+90 539 420 08 49,İnönü Cd 157,Istanbul,34473,Turkey,2025-09-30T05:06:57,,,,,,,,,,,,,
can.polat596@gmail.com,CaPol21#2025,Can,Polat,+90 533 609 61 75,İnönü Cd 11,Istanbul,34339,Turkey,2025-09-30T08:11:47,,,,,,,,,,,,,
antti.korhonen741@gmail.com,AnKor27$2025,Antti,Korhonen,+358 044 3633002,Mannerheimintie 82,Oulu,90734,Finland,2025-09-30T08:23:29,Poppy,Dog,Female,Rottweiler,True,4.0,7.0,41.8,Muscular,Very Active,"Dry food, Raw food",Picky eater,Very important
falcon9425@gmail.com,DeKoc49$2025,Deniz,Koç,+90 539 121 90 66,Atatürk Blv 191,Istanbul,34921,Turkey,2025-09-30T08:34:12,,,,,,,,,,,,,
bram.smit@tutanota.com,BrSmi28!2025,Bram,Smit,+31 6 4485 4963,Vismarkt 26,Groningen,9797 88,Netherlands,2025-09-30T08:52:47,,,,,,,,,,,,,
deniz.sahin@gmail.com,DeSah89$2024,Deniz,Şahin,+90 534 125 21 77,Cumhuriyet Cd 250,Istanbul,34592,Turkey,2025-09-30T08:53:31,,,,,,,,,,,,,
mika.koskinen348@gmail.com,MiKos97#2024,Mika,Koskinen,+358 050 2100236,Kalevankatu 37,Vantaa,01012,Finland,2025-09-30T12:02:00,Misty,Cat,Female,British Shorthair,True,1.0,3.0,4.6,Ideal,Less Active,Raw food,Picky eater,Very important
selin.dogan731@safronix.ai,SeDog75$2025,Selin,Doğan,+90 534 377 76 02,İstiklal Cd 202,Istanbul,34746,Turkey,2025-09-30T12:34:17,,,,,,,,,,,,,
hilal.dogan@gmail.com,HiDog91$2025,Hilal,Doğan,+90 532 938 14 75,Cumhuriyet Cd 216,Istanbul,34161,Turkey,2025-09-30T12:48:23,,,,,,,,,,,,,
paul.weber@outlook.com,PaWeb83@2024,Paul,Weber,+49 171 1760771,Gran Via 176,Munich,80331,Germany,2025-09-30T13:27:10,,,,,,,,,,,,,
wildkoala78@gmail.com,BuCel26!2024,Burak,Çelik,+90 536 683 20 25,İnönü Cd 105,Istanbul,34541,Turkey,2025-09-30T13:33:14,,,,,,,,,,,,,
johan.vanloon956@gmail.com,Jovan64$2025,Johan,van Loon,+31 6 1808 3403,Lijnbaan 206,Amsterdam,1092 34,Netherlands,2025-09-30T15:51:03,Nala,Cat,Male,Sphynx,True,7.0,6.0,3.7,Overweight,Very Active,Raw food,Picky eater,Important
cem.demir@gmail.com,CeDem91$2025,Cem,Demir,+90 532 888 51 53,İnönü Cd 215,Istanbul,34816,Turkey,2025-09-30T16:02:09,,,,,,,,,,,,,
ayse.kaya@outlook.com,AyKay27@2025,Ayşe,Kaya,+90 533 268 76 69,Nispetiye Cd 222,Istanbul,34692,Turkey,2025-09-30T16:58:44,,,,,,,,,,,,,
daan.bos656@msn.com,DaBos48#2024,Daan,Bos,+31 6 2730 7267,Damrak 124,Leiden,2399 49,Netherlands,2025-09-30T17:26:11,,,,,,,,,,,,,
ayse.aydin347@gmail.com,AyAyd63#2025,Ayşe,Aydın,+90 501 842 15 45,İnönü Cd 184,Istanbul,34658,Turkey,2025-09-30T18:21:21,Bella,Cat,Female,Persian,True,4.0,5.0,4.2,Ideal,Very Active,Raw food,Easily distracted,Very important
deniz.yildiz@icloud.com,DeYil76@2025,Deniz,Yıldız,+90 501 210 48 59,Nispetiye Cd 23,Istanbul,34531,Turkey,2025-09-30T18:58:36,,,,,,,,,,,,,
berk.erdogan576@outlook.com,BeErd98#2025,Berk,Erdoğan,+90 531 459 70 69,İstiklal Cd 105,Istanbul,34748,Turkey,2025-09-30T19:28:11,,,,,,,,,,,,,
burak.ozturk219@msn.com,BuOzt99#2024,Burak,Öztürk,+90 534 360 82 41,İstiklal Cd 228,Istanbul,34563,Turkey,2025-09-30T20:22:24,Sushi,Dog,Female,Beagle,True,9.0,11.0,13.2,Muscular,Active,"Dry food, Raw food",Happy and energetic,Important
mert.dogan@gmail.com,MeDog41!2025,Mert,Doğan,+90 538 400 62 43,İstiklal Cd 66,Istanbul,34481,Turkey,2025-09-30T21:09:20,,,,,,,,,,,,,
lion8101@gmail.com,YuYal54$2024,Yusuf,Yalçın,+90 531 838 23 18,Bağdat Cd 145,Antalya,07820,Turkey,2025-09-30T21:46:43,,,,,,,,,,,,,
selin.arslan@gmail.com,SeArs51!2025,Selin,Arslan,+90 501 398 02 19,Nispetiye Cd 8,Izmir,35924,Turkey,2025-09-30T21:58:29,,,,,,,,,,,,,
onur.yalcin@outlook.com,OnYal17@2024,Onur,Yalçın,+90 505 626 15 22,Nispetiye Cd 196,Istanbul,34012,Turkey,2025-10-01T00:09:02,,,,,,,,,,,,,
seda.demir@gmail.com,SeDem95#2024,Seda,Demir,+90 531 482 02 96,İstiklal Cd 49,Istanbul,34805,Turkey,2025-10-01T00:16:41,,,,,,,,,,,,,
hilal.kilic@outlook.com,HiKil69@2024,Hilal,Kılıç,+90 531 119 73 65,Bağdat Cd 85,Istanbul,34983,Turkey,2025-10-01T00:20:08,,,,,,,,,,,,,
aino.virtanen645@gmail.com,AiVir57@2025,Aino,Virtanen,+358 040 5138129,Aleksanterinkatu 18,Vantaa,01433,Finland,2025-10-01T01:06:14,Shadow,Cat,Male,Bengal,False,9.0,0.0,5.8,Muscular,Active,"Dry food, Wet food",Happy and energetic,Important
nima.jafari@gmail.com,NiJaf54#2025,Nima,Jafari,+98 0901 7306551,Shariati St 215,Karaj,1690364753,Iran,2025-10-01T03:26:49,,,,,,,,,,,,,
milan.smit718@verdan.fr,MiSmi52!2025,Milan,Smit,+31 6 9734 6023,Damrak 113,Amsterdam,1012 11,Netherlands,2025-10-01T09:38:28,,,,,,,,,,,,,
rob.vanvliet625@gmail.com,Rovan81@2024,Rob,van Vliet,+31 6 9180 6130,Blaak 52,Amsterdam,1083 50,Netherlands,2025-10-01T09:47:05,,,,,,,,,,,,,
wolf7970@gmail.com,AlDog96$2025,Ali,Doğan,+90 501 226 91 27,Bağdat Cd 48,Istanbul,34300,Turkey,2025-10-01T11:26:57,Charlie,Cat,Female,Sphynx,True,14.0,1.0,4.4,Muscular,Less Active,"Dry food, Raw food",Calm and balanced,Very important
tom.bos598@msn.com,ToBos73#2025,Tom,Bos,+31 6 2645 4494,Spui 234,Amsterdam,1063 82,Netherlands,2025-10-01T12:08:21,Simba,Cat,Female,Ragdoll,True,14.0,3.0,8.2,Muscular,Active,"Dry food, Raw food",Always hungry,Important
giulia.fernandez705@gmail.com,GiFer62!2024,Giulia,Fernández,+49 160 5135692,Rue de Rivoli 48,Berlin,10115,Germany,2025-10-01T14:00:47,,,,,,,,,,,,,
bear6446@gmail.com,OnKil52!2025,Onur,Kılıç,+90 539 919 47 85,Halaskargazi Cd 100,Istanbul,34422,Turkey,2025-10-01T14:37:44,,,,,,,,,,,,,
elif.yildiz924@gmail.com,ElYil84#2024,Elif,Yıldız,+90 530 949 98 44,Nispetiye Cd 100,Bursa,16103,Turkey,2025-10-01T14:39:59,Misty,Cat,Female,British Shorthair,True,7.0,1.0,4.8,Muscular,Less Active,"Dry food, Raw food",Easily distracted,Very important
eva.vandermeer888@gmail.com,Evvan68$2025,Eva,van der Meer,+31 6 5100 7099,Coolsingel 115,Amsterdam,1011 70,Netherlands,2025-10-01T15:26:02,,,,,,,,,,,,,
cosmic.sparrow_2388@gmail.com,BePol42@2025,Berk,Polat,+90 538 610 45 89,Turan Güneş Blv 120,Kayseri,38450,Turkey,2025-10-01T15:50:06,,,,,,,,,,,,,
cosmicpanda689@gmail.com,ElKil40#2025,Elif,Kılıç,+90 533 650 83 25,Atatürk Blv 162,Adana,01567,Turkey,2025-10-01T16:42:05,Charlie,Dog,Male,Poodle,True,6.0,2.0,25.0,Underweight,Very Active,Wet food,Content and satisfied,Important
berk.yalcin@icloud.com,BeYal80!2025,Berk,Yalçın,+90 538 759 38 46,Halaskargazi Cd 152,Konya,42882,Turkey,2025-10-01T16:42:34,,,,,,,,,,,,,
lion3448@gmail.com,ZeYil20@2025,Zeynep,Yıldız,+90 537 219 58 35,Cumhuriyet Cd 47,Istanbul,34954,Turkey,2025-10-01T18:18:28,,,,,,,,,,,,,
milan.meijer56@yahoo.com,MiMei46@2025,Milan,Meijer,+31 6 5972 8544,Vismarkt 232,Amsterdam,1031 75,Netherlands,2025-10-01T18:45:14,,,,,,,,,,,,,
tiger3790@gmail.com,SeDog41$2025,Seda,Doğan,+90 534 192 78 77,Bağdat Cd 11,Istanbul,34868,Turkey,2025-10-01T19:02:07,,,,,,,,,,,,,
antti.laine@gmail.com,AnLai34#2024,Antti,Laine,+358 050 7626161,Hämeenkatu 77,Vantaa,01889,Finland,2025-10-01T19:42:14,,,,,,,,,,,,,
silversparrow272@outlook.com,ElDem57#2024,Elif,Demir,+90 531 503 86 51,Bağdat Cd 234,Konya,42917,Turkey,2025-10-01T20:24:34,,,,,,,,,,,,,
urban.panda_3091@gmail.com,CaErd63!2024,Cansu,Erdoğan,+90 537 795 59 76,Halaskargazi Cd 137,Mersin,33660,Turkey,2025-10-01T20:51:55,,,,,,,,,,,,,
noah.bos@gmail.com,NoBos32!2025,Noah,Bos,+31 6 2353 4988,Nieuwezijds Voorburgwal 27,Amsterdam,1014 05,Netherlands,2025-10-01T21:06:32,Leo,Cat,Male,Ragdoll,True,5.0,11.0,5.1,Muscular,Active,Wet food,Calm and balanced,Important
wildowl368@gmail.com,SeErd45$2025,Seda,Erdoğan,+90 537 436 01 81,İstiklal Cd 184,Istanbul,34248,Turkey,2025-10-01T21:18:44,,,,,,,,,,,,,
antti.korhonen475@gmail.com,AnKor46$2025,Antti,Korhonen,+358 050 3020460,Hämeenkatu 106,Helsinki,00859,Finland,2025-10-01T22:25:08,,,,,,,,,,,,,
sparrow1802@gmail.com,Brvan38#2024,Bram,van der Meer,+31 6 7106 8082,Nieuwezijds Voorburgwal 226,Zwolle,8042 59,Netherlands,2025-10-01T23:23:02,,,,,,,,,,,,,
mehmet.kilic@gmail.com,MeKil44$2025,Mehmet,Kılıç,+90 535 533 70 42,Turan Güneş Blv 206,Istanbul,34165,Turkey,2025-10-01T23:29:07,Tiger,Dog,Male,French Bulldog,False,12.0,1.0,13.5,Underweight,Less Active,"Wet food, Raw food",Easily distracted,Very important
swift.falcon_1375@icloud.com,IlHei15#2024,Ilona,Heikkinen,+358 041 8352736,Hämeenkatu 222,Helsinki,00168,Finland,2025-10-02T00:58:45,,,,,,,,,,,,,
eagle5217@gmail.com,EcYil64$2025,Ece,Yılmaz,+90 536 103 39 57,İstiklal Cd 50,Istanbul,34230,Turkey,2025-10-02T01:19:48,,,,,,,,,,,,,
santeri.hamalainen@gmail.com,SaHam78$2024,Santeri,Hämäläinen,+358 044 1999153,Esplanadi 37,Helsinki,00049,Finland,2025-10-02T02:05:24,,,,,,,,,,,,,
anne.kuiper@outlook.com,AnKui42!2024,Anne,Kuiper,+31 6 4461 6867,Kalverstraat 217,Amsterdam,1049 92,Netherlands,2025-10-02T03:35:04,,,,,,,,,,,,,
smart.whale_4238@icloud.com,SeAks58#2025,Selin,Aksoy,+90 530 793 81 85,Bağdat Cd 64,Ankara,06159,Turkey,2025-10-02T04:40:04,,,,,,,,,,,,,
sanne.kuiper288@yahoo.com,SaKui31#2025,Sanne,Kuiper,+31 6 7998 3690,Damrak 94,Groningen,9742 57,Netherlands,2025-10-02T05:41:20,Sunny,Cat,Female,Ragdoll,True,10.0,2.0,6.2,Underweight,Less Active,Dry food,Picky eater,Important
gizem.yalcin@nordiq.com,GiYal54!2024,Gizem,Yalçın,+90 536 306 83 29,Nispetiye Cd 128,Istanbul,34849,Turkey,2025-10-02T05:49:40,Zoe,Dog,Female,Labrador Retriever,True,10.0,0.0,31.9,Overweight,Active,Raw food,Happy and energetic,Important
burak.kaya@gmail.com,BuKay38$2025,Burak,Kaya,+90 538 884 80 72,Atatürk Blv 62,Istanbul,34992,Turkey,2025-10-02T05:57:31,,,,,,,,,,,,,
burak.polat209@gmail.com,BuPol82$2024,Burak,Polat,+90 538 757 42 59,Bağdat Cd 27,Izmir,35389,Turkey,2025-10-02T06:56:31,Bailey,Cat,Male,Siamese,True,6.0,1.0,3.9,Muscular,Very Active,Wet food,Calm and balanced,Very important
lisa.devries@gmail.com,Lide 12!2025,Lisa,de Vries,+31 6 2856 7491,Blaak 89,Amsterdam,1092 69,Netherlands,2025-10-02T07:21:30,,,,,,,,,,,,,
silver.falcon_4992@outlook.com,EcYal27@2025,Ece,Yalçın,+90 535 973 40 52,Cumhuriyet Cd 193,Istanbul,34344,Turkey,2025-10-02T08:15:46,,,,,,,,,,,,,
elif.koc@gmail.com,ElKoc38!2024,Elif,Koç,+90 538 118 92 73,İnönü Cd 199,Istanbul,34604,Turkey,2025-10-02T08:27:18,,,,,,,,,,,,,
laura.jarvinen@iberix.fi,LaJar14!2025,Laura,Järvinen,+358 041 8129679,Aleksanterinkatu 119,Helsinki,00861,Finland,2025-10-02T09:41:22,,,,,,,,,,,,,
bluesparrow277@gmail.com,ElHos40@2025,Elham,Hosseini,+98 0991 6036424,Valiasr St 85,Karaj,7858778569,Iran,2025-10-02T11:04:22,,,,,,,,,,,,,
mehmet.yildiz109@gmail.com,MeYil77$2024,Mehmet,Yıldız,+90 538 545 69 91,Atatürk Blv 173,Gaziantep,27894,Turkey,2025-10-02T11:11:05,,,,,,,,,,,,,
ece.koc@outlook.com,EcKoc59!2025,Ece,Koç,+90 535 495 00 83,Atatürk Blv 203,Istanbul,34587,Turkey,2025-10-02T13:54:13,,,,,,,,,,,,,
luckypanda852@gmail.com,SeKil95@2025,Seda,Kılıç,+90 505 392 47 47,Turan Güneş Blv 108,Istanbul,34552,Turkey,2025-10-02T13:58:35,Lucy,Cat,Female,Siamese,True,11.0,3.0,3.4,Underweight,Active,Wet food,Content and satisfied,Very important
ali.polat961@solvico.io,AlPol56#2025,Ali,Polat,+90 532 991 23 29,Bağdat Cd 7,Istanbul,34650,Turkey,2025-10-02T14:23:44,,,,,,,,,,,,,
sunny.lynx_3038@msn.com,ElArs83#2024,Elif,Arslan,+90 538 195 59 94,Atatürk Blv 56,Mersin,33823,Turkey,2025-10-02T15:13:23,Lucy,Cat,Female,British Shorthair,True,6.0,1.0,5.9,Muscular,Less Active,Raw food,Always hungry,Very important
maarten.bakker953@icloud.com,MaBak56$2024,Maarten,Bakker,+31 6 9401 9989,Kalverstraat 7,Amsterdam,1068 58,Netherlands,2025-10-02T15:14:10,,,,,,,,,,,,,
hakan.yalcin921@datamint.de,HaYal27#2024,Hakan,Yalçın,+90 532 123 86 04,Turan Güneş Blv 84,Bursa,16132,Turkey,2025-10-02T15:46:34,,,,,,,,,,,,,
antti.heikkinen580@msn.com,AnHei57!2024,Antti,Heikkinen,+358 050 6653930,Mannerheimintie 124,Turku,20539,Finland,2025-10-02T16:19:51,Loki,Cat,Female,Siamese,True,7.0,5.0,3.2,Underweight,Very Active,Dry food,Content and satisfied,Very important
hamed.rahimi@gmail.com,HaRah78!2024,Hamed,Rahimi,+98 0913 2231654,Valiasr St 155,Isfahan,2904072215,Iran,2025-10-02T18:32:51,Marley,Dog,Female,Golden Retriever,True,3.0,3.0,29.9,Overweight,Active,"Dry food, Wet food",Content and satisfied,Very important
lucky.sparrow_1746@gmail.com,AyKay38$2025,Ayşe,Kaya,+90 535 276 16 26,Turan Güneş Blv 212,Istanbul,34114,Turkey,2025-10-02T18:34:21,,,,,,,,,,,,,
hamed.ebrahimi47@outlook.com,HaEbr90!2024,Hamed,Ebrahimi,+98 0935 6919599,Motahari St 160,Karaj,9178233820,Iran,2025-10-02T20:24:21,,,,,,,,,,,,,
rapidbear377@gmail.com,EcPol56@2025,Ece,Polat,+90 532 190 16 89,İstiklal Cd 56,Istanbul,34750,Turkey,2025-10-02T21:54:55,,,,,,,,,,,,,
lisa.devries@yahoo.com,Lide 72!2024,Lisa,de Vries,+31 6 9332 7041,Blaak 69,Amsterdam,1007 80,Netherlands,2025-10-02T22:53:06,,,,,,,,,,,,,
onur.aksoy990@hexapi.es,OnAks75$2025,Onur,Aksoy,+90 536 715 94 65,Bağdat Cd 132,Istanbul,34778,Turkey,2025-10-02T23:24:10,,,,,,,,,,,,,
cem.arslan817@solvico.io,CeArs36@2024,Cem,Arslan,+90 535 604 53 60,İstiklal Cd 119,Istanbul,34687,Turkey,2025-10-02T23:38:55,,,,,,,,,,,,,
javier.kowalski194@gmail.com,JaKow10$2024,Javier,Kowalski,+39 316 274 523,La Rambla 154,Rome,00118,Italy,2025-10-02T23:45:19,,,,,,,,,,,,,
fatemeh.mousavi@gmail.com,FaMou76#2025,Fatemeh,Mousavi,+98 0990 4646705,Shariati St 156,Tehran,9045554919,Iran,2025-10-03T00:28:29,Cookie,Dog,Female,German Shepherd,False,9.0,3.0,26.8,Muscular,Active,Dry food,Happy and energetic,Very important
ece.yilmaz@msn.com,EcYil35#2024,Ece,Yılmaz,+90 501 483 76 25,Turan Güneş Blv 181,Istanbul,34292,Turkey,2025-10-03T01:33:39,,,,,,,,,,,,,
selin.erdogan321@gmail.com,SeErd66!2025,Selin,Erdoğan,+90 505 297 68 79,Bağdat Cd 157,Istanbul,34608,Turkey,2025-10-03T01:50:14,,,,,,,,,,,,,
selin.koc267@gmail.com,SeKoc72!2024,Selin,Koç,+90 536 721 09 47,İstiklal Cd 214,Ankara,06884,Turkey,2025-10-03T02:02:43,,,,,,,,,,,,,
burak.erdogan293@yahoo.com,BuErd46#2025,Burak,Erdoğan,+90 539 492 35 27,İnönü Cd 169,Istanbul,34573,Turkey,2025-10-03T02:36:37,,,,,,,,,,,,,
elif.aydin923@outlook.com,ElAyd33$2024,Elif,Aydın,+90 536 372 28 64,Cumhuriyet Cd 223,Istanbul,34103,Turkey,2025-10-03T03:15:16,,,,,,,,,,,,,
mert.koc@novatek.com,MeKoc12!2024,Mert,Koç,+90 505 287 95 70,Bağdat Cd 152,Antalya,07924,Turkey,2025-10-03T03:36:40,,,,,,,,,,,,,
koala3254@zoho.com,AyAyd59$2025,Ayşe,Aydın,+90 531 540 82 77,Atatürk Blv 197,Istanbul,34765,Turkey,2025-10-03T05:05:01,Poppy,Cat,Female,Bengal,False,16.0,6.0,6.0,Overweight,Very Active,Wet food,Easily distracted,Important
burak.dogan371@outlook.com,BuDog89@2024,Burak,Doğan,+90 536 459 57 08,Bağdat Cd 51,Istanbul,34183,Turkey,2025-10-03T06:39:44,,,,,,,,,,,,,
seda.sahin524@msn.com,SeSah79@2025,Seda,Şahin,+90 501 810 62 47,Bağdat Cd 28,Istanbul,34679,Turkey,2025-10-03T06:56:22,,,,,,,,,,,,,
zeynep.dogan228@mail.com,ZeDog18@2025,Zeynep,Doğan,+90 538 883 58 16,İnönü Cd 188,Istanbul,34819,Turkey,2025-10-03T07:49:14,Rocky,Dog,Male,Border Collie,True,6.0,9.0,14.7,Muscular,Moderately Active,Dry food,Content and satisfied,Very important
lynx7049@msn.com,AlKay39!2024,Ali,Kaya,+90 539 381 90 09,İnönü Cd 62,Izmir,35018,Turkey,2025-10-03T09:13:33,Hazel,Dog,Female,German Shepherd,True,9.0,9.0,30.6,Underweight,Very Active,"Wet food, Raw food",Content and satisfied,Very important
cem.aksoy@gmail.com,CeAks85$2025,Cem,Aksoy,+90 538 247 83 17,Atatürk Blv 180,Bursa,16358,Turkey,2025-10-03T09:33:32,,,,,,,,,,,,,
wild.dog_4622@gmail.com,AlKil26$2025,Ali,Kılıç,+90 531 742 76 37,Bağdat Cd 192,Ankara,06798,Turkey,2025-10-03T09:42:36,,,,,,,,,,,,,
bright.eagle_4031@gmail.com,JaMak12#2025,Jari,Mäkinen,+358 050 8681517,Itäkatu 60,Lahti,15641,Finland,2025-10-03T10:04:54,,,,,,,,,,,,,
cosmiceagle141@gmail.com,Brvan53!2025,Bram,van Vliet,+31 6 7556 3957,Lijnbaan 155,Amsterdam,1048 08,Netherlands,2025-10-03T10:53:50,Smokey,Cat,Male,Bengal,True,7.0,0.0,4.9,Ideal,Less Active,Dry food,Content and satisfied,Important
heidi.hamalainen@gmail.com,HeHam46$2024,Heidi,Hämäläinen,+358 040 6943746,Aleksanterinkatu 172,Helsinki,00665,Finland,2025-10-03T12:03:22,Luna,Dog,Female,Poodle,True,3.0,0.0,17.8,Overweight,Very Active,Dry food,Always hungry,Important
blue.eagle_764@gmail.com,MiKui55#2025,Milan,Kuiper,+31 6 7081 5977,Blaak 76,Amsterdam,1086 09,Netherlands,2025-10-03T12:41:31,,,,,,,,,,,,,
ilona.hamalainen411@yandex.com,IlHam99#2024,Ilona,Hämäläinen,+358 041 6964419,Kalevankatu 109,Helsinki,00015,Finland,2025-10-03T14:11:00,,,,,,,,,,,,,
burak.sahin@gmail.com,BuSah24!2024,Burak,Şahin,+90 531 422 97 66,Turan Güneş Blv 125,Gaziantep,27183,Turkey,2025-10-03T14:28:24,,,,,,,,,,,,,
silver.falcon_4006@gmail.com,CeKil59@2024,Cem,Kılıç,+90 538 335 54 69,Halaskargazi Cd 42,Istanbul,34348,Turkey,2025-10-03T15:06:58,,,,,,,,,,,,,
can.dogan@gmail.com,CaDog70$2024,Can,Doğan,+90 534 770 38 96,Cumhuriyet Cd 197,Istanbul,34313,Turkey,2025-10-03T15:30:18,,,,,,,,,,,,,
sanne.bakker@gmail.com,SaBak27#2025,Sanne,Bakker,+31 6 6181 2140,Coolsingel 171,Amsterdam,1001 62,Netherlands,2025-10-03T15:36:45,,,,,,,,,,,,,
zeynep.yilmaz@gmail.com,ZeYil69$2024,Zeynep,Yılmaz,+90 533 136 05 09,İstiklal Cd 232,Konya,42679,Turkey,2025-10-03T15:49:38,,,,,,,,,,,,,
selin.ozturk588@outlook.com,SeOzt93#2024,Selin,Öztürk,+90 501 198 75 54,Turan Güneş Blv 36,Kayseri,38278,Turkey,2025-10-03T16:01:44,,,,,,,,,,,,,
aino.koskinen@novatek.it,AiKos79!2025,Aino,Koskinen,+358 050 2892635,Kalevankatu 230,Helsinki,00170,Finland,2025-10-03T16:43:22,,,,,,,,,,,,,
hilal.yilmaz924@gmail.com,HiYil33$2025,Hilal,Yılmaz,+90 537 199 74 14,Turan Güneş Blv 129,Istanbul,34737,Turkey,2025-10-03T16:51:49,Pumpkin,Dog,Female,Beagle,True,2.0,6.0,12.1,Underweight,Active,Wet food,Picky eater,Important
sparrow6315@outlook.com,HaOzt38@2024,Hakan,Öztürk,+90 536 813 51 02,Halaskargazi Cd 104,Izmir,35558,Turkey,2025-10-03T17:52:52,,,,,,,,,,,,,
sparrow2459@verdan.nl,LoBak47$2024,Lotte,Bakker,+31 6 8785 0172,Spui 101,Amsterdam,1006 67,Netherlands,2025-10-03T17:53:15,Lucy,Cat,Male,Maine Coon,False,11.0,2.0,7.2,Muscular,Active,"Dry food, Wet food",Calm and balanced,Important
matteo.santos658@proton.me,MaSan21#2024,Matteo,Santos,+49 176 2774886,La Rambla 71,Cologne,50667,Germany,2025-10-03T19:06:49,,,,,,,,,,,,,
sunnylynx224@outlook.com,LoBak71$2024,Lotte,Bakker,+31 6 4351 4144,Kalverstraat 19,Amsterdam,1033 93,Netherlands,2025-10-03T20:11:34,,,,,,,,,,,,,
whale6113@gmail.com,CaAyd38!2024,Cansu,Aydın,+90 533 341 95 89,Bağdat Cd 176,Istanbul,34973,Turkey,2025-10-03T21:15:30,Buddy,Dog,Male,Labrador Retriever,True,4.0,8.0,27.1,Underweight,Moderately Active,Wet food,Happy and energetic,Important
hakan.yalcin496@gmail.com,HaYal93#2025,Hakan,Yalçın,+90 535 799 83 14,Turan Güneş Blv 45,Istanbul,34830,Turkey,2025-10-03T22:43:44,Bailey,Cat,Female,British Shorthair,True,7.0,1.0,3.9,Ideal,Very Active,Raw food,Picky eater,Important
eva.visser18@yahoo.com,EvVis66!2024,Eva,Visser,+31 6 8375 8225,Nieuwezijds Voorburgwal 207,Amsterdam,1037 25,Netherlands,2025-10-03T23:29:49,,,,,,,,,,,,,
cat761@gmail.com,KaKor15!2024,Kalle,Korhonen,+358 044 5375924,Aleksanterinkatu 189,Helsinki,00634,Finland,2025-10-04T00:46:08,,,,,,,,,,,,,
smartdog122@solvico.tr,MaHos21$2025,Mahsa,Hosseinzadeh,+98 0991 2910741,Africa Blvd 120,Tehran,0943547616,Iran,2025-10-04T01:42:14,Loki,Cat,Female,Maine Coon,True,1.0,8.0,4.8,Ideal,Moderately Active,Raw food,Happy and energetic,Very important
selin.aydin@outlook.com,SeAyd91$2024,Selin,Aydın,+90 534 303 47 27,Halaskargazi Cd 224,Istanbul,34004,Turkey,2025-10-04T01:58:36,,,,,,,,,,,,,
ayse.koc566@proton.me,AyKoc82@2025,Ayşe,Koç,+90 534 172 53 77,Nispetiye Cd 121,Istanbul,34829,Turkey,2025-10-04T02:06:05,,,,,,,,,,,,,
mehmet.kilic@gmail.com,MeKil55@2025,Mehmet,Kılıç,+90 534 487 58 94,Halaskargazi Cd 107,Istanbul,34503,Turkey,2025-10-04T02:20:31,,,,,,,,,,,,,
cansu.kaya158@gmail.com,CaKay38#2025,Cansu,Kaya,+90 530 752 11 40,Cumhuriyet Cd 19,Antalya,07409,Turkey,2025-10-04T02:54:01,,,,,,,,,,,,,
silver.bear_7298@outlook.com,GiKoc24$2024,Gizem,Koç,+90 536 932 37 85,Halaskargazi Cd 183,Istanbul,34372,Turkey,2025-10-04T04:06:59,,,,,,,,,,,,,
ece.yildiz239@yahoo.com,EcYil40!2024,Ece,Yıldız,+90 505 716 54 09,Cumhuriyet Cd 154,Istanbul,34014,Turkey,2025-10-04T04:37:59,,,,,,,,,,,,,
cem.aksoy211@gmail.com,CeAks28$2024,Cem,Aksoy,+90 533 114 48 10,İnönü Cd 128,Gaziantep,27727,Turkey,2025-10-04T05:30:42,,,,,,,,,,,,,
urbanowl638@icloud.com,LiJan52#2024,Lisa,Jansen,+31 6 5493 0808,Kalverstraat 49,Leiden,2322 08,Netherlands,2025-10-04T06:41:03,,,,,,,,,,,,,
ali.demir@verdan.de,AlDem74$2024,Ali,Demir,+90 505 421 61 00,Halaskargazi Cd 242,Konya,42230,Turkey,2025-10-04T07:42:04,Loki,Dog,Male,Beagle,True,11.0,0.0,13.7,Underweight,Active,Dry food,Picky eater,Very important
elif.koc345@gmail.com,ElKoc36!2025,Elif,Koç,+90 539 352 74 73,Halaskargazi Cd 162,Istanbul,34289,Turkey,2025-10-04T07:42:56,Cooper,Dog,Female,Beagle,False,12.0,11.0,13.7,Ideal,Less Active,"Dry food, Wet food",Picky eater,Important
ayse.yalcin@msn.com,AyYal60$2024,Ayşe,Yalçın,+90 505 584 86 35,Turan Güneş Blv 234,Kayseri,38854,Turkey,2025-10-04T07:55:52,Misty,Cat,Male,Persian,True,11.0,1.0,3.4,Overweight,Active,"Dry food, Wet food",Easily distracted,Very important
burak.yalcin355@tutanota.com,BuYal72!2025,Burak,Yalçın,+90 534 497 15 67,İnönü Cd 85,Istanbul,34674,Turkey,2025-10-04T07:56:49,,,,,,,,,,,,,
berk.ozturk511@gmail.com,BeOzt29$2025,Berk,Öztürk,+90 533 276 41 62,İstiklal Cd 4,Istanbul,34297,Turkey,2025-10-04T08:05:14,,,,,,,,,,,,,
bear6516@gmail.com,NiBos25$2024,Nina,Bos,+31 6 6538 5905,Blaak 51,Haarlem,2071 78,Netherlands,2025-10-04T08:15:14,,,,,,,,,,,,,
nina.visser@eurogrid.es,NiVis62#2025,Nina,Visser,+31 6 2216 7636,Blaak 11,Haarlem,2087 25,Netherlands,2025-10-04T08:43:13,,,,,,,,,,,,,
lisa.visser@gmail.com,LiVis73#2024,Lisa,Visser,+31 6 5251 1485,Damrak 46,Amsterdam,1023 80,Netherlands,2025-10-04T09:26:08,Coco,Dog,Male,French Bulldog,True,6.0,0.0,13.0,Overweight,Less Active,Wet food,Content and satisfied,Very important
sanna.laine@gmail.com,SaLai31@2024,Sanna,Laine,+358 040 5121139,Hämeenkatu 250,Lahti,15462,Finland,2025-10-04T09:28:10,,,,,,,,,,,,,
brightfalcon171@gmail.com,ZeKoc72#2025,Zeynep,Koç,+90 501 120 32 72,İstiklal Cd 228,Adana,01877,Turkey,2025-10-04T09:31:09,,,,,,,,,,,,,
antti.makinen@gmail.com,AnMak26@2025,Antti,Mäkinen,+358 041 4102171,Aleksanterinkatu 87,Helsinki,00312,Finland,2025-10-04T10:04:31,,,,,,,,,,,,,
juha.korhonen327@yahoo.com,JuKor90!2024,Juha,Korhonen,+358 041 4019291,Kalevankatu 149,Helsinki,00376,Finland,2025-10-04T10:14:06,,,,,,,,,,,,,
heidi.virtanen537@yahoo.com,HeVir45@2025,Heidi,Virtanen,+358 044 1098205,Mannerheimintie 53,Turku,20913,Finland,2025-10-04T11:05:05,,,,,,,,,,,,,
koala4935@icloud.com,CaPol16#2024,Can,Polat,+90 537 938 43 25,Turan Güneş Blv 228,Istanbul,34493,Turkey,2025-10-04T11:22:04,,,,,,,,,,,,,
selin.ozturk580@fastmail.com,SeOzt29#2024,Selin,Öztürk,+90 532 963 97 08,İstiklal Cd 53,Bursa,16226,Turkey,2025-10-04T11:59:41,,,,,,,,,,,,,
falcon3193@msn.com,MaRos78!2024,Max,Rossi,+33 6 56 44 78 72,Champs-Élysées 51,Paris,75001,France,2025-10-04T12:16:10,,,,,,,,,,,,,
rapideagle150@gmail.com,MeKoc28$2025,Mehmet,Koç,+90 538 996 50 91,İnönü Cd 96,Istanbul,34212,Turkey,2025-10-04T13:11:48,Smokey,Cat,Female,Sphynx,False,14.0,3.0,3.5,Overweight,Less Active,Dry food,Easily distracted,Very important
johan.visser@yahoo.com,JoVis22$2025,Johan,Visser,+31 6 2049 7485,Coolsingel 127,The Hague,2533 70,Netherlands,2025-10-04T13:13:52,,,,,,,,,,,,,
brightcat68@gmail.com,BeOzt39$2024,Berk,Öztürk,+90 536 413 94 89,Turan Güneş Blv 242,Istanbul,34821,Turkey,2025-10-04T13:50:10,,,,,,,,,,,,,
jan.vandermeer@gmail.com,Javan96$2024,Jan,van der Meer,+31 6 5393 0422,Nieuwezijds Voorburgwal 246,Den Bosch,5206 16,Netherlands,2025-10-04T15:35:27,,,,,,,,,,,,,
