email,password,first_name,last_name,phone,address,city,zip_code,country,date_joined,pet_name,pet_type,pet_gender,pet_breed,pet_neutered,pet_age_years,pet_age_months,pet_weight,pet_body_type,pet_activity_level,pet_food_types,pet_food_feeling,pet_food_importance
cem.yildiz799@outlook.com,CeYil92@2024,Cem,Yıldız,+90 533 708 76 90,Turan Güneş Blv 204,Mersin,33817,Turkey,2025-10-10T19:38:04,,,,,,,,,,,,,
onur.demir@outlook.com,OnDem32#2024,Onur,Demir,+90 530 752 94 43,Bağdat Cd 171,Istanbul,34526,Turkey,2025-10-10T20:21:39,,,,,,,,,,,,,
deniz.kilic421@gmail.com,DeKil67$2024,Deniz,Kılıç,+90 533 360 87 04,Cumhuriyet Cd 28,Istanbul,34901,Turkey,2025-10-10T20:24:20,,,,,,,,,,,,,
deniz.aksoy@gmail.com,DeAks28$2024,Deniz,Aksoy,+90 531 650 04 28,İnönü Cd 50,Istanbul,34121,Turkey,2025-10-10T21:03:54,,,,,,,,,,,,,
bright.sparrow_3720@icloud.com,CeAyd88@2025,Cem,Aydın,+90 535 759 13 47,İstiklal Cd 130,Izmir,35091,Turkey,2025-10-10T21:32:57,,,,,,,,,,,,,
yusuf.polat587@gmail.com,YuPol30!2025,Yusuf,Polat,+90 534 778 32 57,Halaskargazi Cd 220,Istanbul,34290,Turkey,2025-10-10T22:42:52,,,,,,,,,,,,,
zeynep.sahin539@yahoo.com,ZeSah49@2024,Zeynep,Şahin,+90 534 669 45 56,Atatürk Blv 47,Istanbul,34538,Turkey,2025-10-10T23:05:27,,,,,,,,,,,,,
mahsa.hosseini@gmail.com,MaHos23#2024,Mahsa,Hosseini,+98 0919 8869584,Motahari St 159,Tehran,9719076780,Iran,2025-10-10T23:25:41,,,,,,,,,,,,,
ece.yildiz960@gmail.com,EcYil16@2025,Ece,Yıldız,+90 539 198 82 01,Atatürk Blv 212,Istanbul,34749,Turkey,2025-10-11T01:18:04,,,,,,,,,,,,,
anne.smit891@tutanota.com,AnSmi31@2024,Anne,Smit,+31 6 1033 5653,Nieuwezijds Voorburgwal 59,Leiden,2307 11,Netherlands,2025-10-11T01:55:29,,,,,,,,,,,,,
lisa.kuiper262@gmail.com,LiKui76@2025,Lisa,Kuiper,+31 6 6772 3281,Nieuwezijds Voorburgwal 118,Rotterdam,3031 12,Netherlands,2025-10-11T02:14:26,,,,,,,,,,,,,
milan.vanloon828@proton.me,Mivan91#2024,Milan,van Loon,+31 6 2076 5869,Coolsingel 159,Amsterdam,1003 54,Netherlands,2025-10-11T03:04:49,Leo,Dog,Female,Cocker Spaniel,True,4.0,1.0,14.7,Ideal,Very Active,Raw food,Picky eater,Very important
paul.kowalski@gmail.com,PaKow45!2025,Paul,Kowalski,+43 690 9261968,Ringstraße 212,Vienna,1010,Austria,2025-10-11T03:05:58,,,,,,,,,,,,,
swift.koala_8996@yahoo.com,HeKos71!2025,Heidi,Koskinen,+358 044 5141241,Hämeenkatu 91,Helsinki,00022,Finland,2025-10-11T04:13:24,,,,,,,,,,,,,
swift.eagle_8823@fastmail.com,AnKos12$2025,Antti,Koskinen,+358 041 5079547,Itäkatu 172,Kuopio,70884,Finland,2025-10-11T04:20:13,,,,,,,,,,,,,
otter3262@gmail.com,CaErd87#2025,Cansu,Erdoğan,+90 539 548 70 04,Turan Güneş Blv 149,Istanbul,34962,Turkey,2025-10-11T04:24:11,,,,,,,,,,,,,
gizem.aydin@gmail.com,GiAyd49#2025,Gizem,Aydın,+90 533 469 19 95,İstiklal Cd 234,Ankara,06661,Turkey,2025-10-11T05:02:31,Bailey,Dog,Male,German Shepherd,True,8.0,4.0,34.1,Underweight,Moderately Active,Raw food,Content and satisfied,Very important
daan.vandermeer782@gmail.com,Davan77@2024,Daan,van der Meer,+31 6 2730 9532,Nieuwezijds Voorburgwal 80,Amsterdam,1029 28,Netherlands,2025-10-11T05:11:18,,,,,,,,,,,,,
mert.kilic136@eurogrid.tr,MeKil41@2024,Mert,Kılıç,+90 532 533 41 45,İnönü Cd 54,Istanbul,34929,Turkey,2025-10-11T05:41:16,Mocha,Cat,Male,British Shorthair,False,7.0,2.0,4.1,Underweight,Very Active,"Dry food, Wet food",Always hungry,Very important
cem.arslan@fastmail.com,CeArs54@2024,Cem,Arslan,+90 535 672 17 00,Bağdat Cd 242,Istanbul,34074,Turkey,2025-10-11T05:46:38,,,,,,,,,,,,,
swift.panda_4368@outlook.com,SaKaz67$2024,Sara,Kazemi,+98 0901 4048326,Pasdaran St 158,Tehran,0865796459,Iran,2025-10-11T05:57:49,,,,,,,,,,,,,
cem.kaya911@outlook.com,CeKay29@2025,Cem,Kaya,+90 537 402 26 35,Nispetiye Cd 75,Antalya,07003,Turkey,2025-10-11T06:37:28,,,,,,,,,,,,,
hilal.kilic252@outlook.com,HiKil32@2024,Hilal,Kılıç,+90 535 404 14 23,Halaskargazi Cd 140,Istanbul,34641,Turkey,2025-10-11T07:12:35,Pepper,Dog,Female,Cocker Spaniel,True,9.0,6.0,14.2,Ideal,Less Active,Raw food,Easily distracted,Important
lena.moreau@saha.com,LeMor86@2024,Lena,Moreau,+34 649 666 791,La Rambla 91,Barcelona,08001,Spain,2025-10-11T07:42:44,Mocha,Dog,Female,Beagle,False,8.0,5.0,12.9,Muscular,Less Active,"Wet food, Raw food",Happy and energetic,Important
ayse.yalcin@gmail.com,AyYal89$2024,Ayşe,Yalçın,+90 501 875 75 77,Bağdat Cd 176,Adana,01034,Turkey,2025-10-11T09:30:14,Max,Cat,Male,Persian,True,13.0,10.0,5.4,Muscular,Very Active,Dry food,Calm and balanced,Very important
gizem.yildiz@gmail.com,GiYil67$2024,Gizem,Yıldız,+90 534 729 46 60,Bağdat Cd 237,Istanbul,34358,Turkey,2025-10-11T09:31:30,,,,,,,,,,,,,
seda.kaya@gmail.com,SeKay25#2025,Seda,Kaya,+90 536 919 47 28,Atatürk Blv 76,Istanbul,34458,Turkey,2025-10-11T09:49:29,,,,,,,,,,,,,
emre.aydin455@yahoo.com,EmAyd81!2024,Emre,Aydın,+90 501 935 88 08,Nispetiye Cd 246,Istanbul,34604,Turkey,2025-10-11T10:42:58,,,,,,,,,,,,,
silentfalcon857@gmail.com,AyPol10!2024,Ayşe,Polat,+90 534 294 61 33,Turan Güneş Blv 154,Istanbul,34369,Turkey,2025-10-11T11:14:56,,,,,,,,,,,,,
berk.dogan@icloud.com,BeDog82#2025,Berk,Doğan,+90 533 956 90 93,Cumhuriyet Cd 178,Gaziantep,27138,Turkey,2025-10-11T11:23:28,,,,,,,,,,,,,
wildeagle486@msn.com,SeKay40@2025,Seda,Kaya,+90 530 260 59 28,İstiklal Cd 147,Mersin,33564,Turkey,2025-10-11T11:53:46,Kiki,Dog,Male,Beagle,False,5.0,0.0,12.4,Overweight,Active,Dry food,Always hungry,Important
zeynep.aksoy@gmail.com,ZeAks59!2025,Zeynep,Aksoy,+90 537 674 90 66,İstiklal Cd 117,Istanbul,34848,Turkey,2025-10-11T12:01:15,,,,,,,,,,,,,
bear3162@gmail.com,HaErd32!2024,Hakan,Erdoğan,+90 533 463 07 46,Halaskargazi Cd 159,Istanbul,34329,Turkey,2025-10-11T12:03:32,,,,,,,,,,,,,
hilal.sahin@outlook.com,HiSah98!2024,Hilal,Şahin,+90 530 914 28 32,Cumhuriyet Cd 234,Antalya,07600,Turkey,2025-10-11T12:03:36,,,,,,,,,,,,,
silent.panda_3311@yahoo.com,CeSah74#2025,Cem,Şahin,+90 537 811 29 72,İnönü Cd 5,Istanbul,34430,Turkey,2025-10-11T12:28:59,,,,,,,,,,,,,
urban.wolf_1587@icloud.com,MiNie16$2024,Miika,Nieminen,+358 044 9383152,Esplanadi 197,Oulu,90490,Finland,2025-10-11T13:43:59,,,,,,,,,,,,,
burak.aksoy@gmail.com,BuAks61#2025,Burak,Aksoy,+90 539 437 17 81,Halaskargazi Cd 136,Istanbul,34282,Turkey,2025-10-11T13:48:33,,,,,,,,,,,,,
fox348@gmail.com,YuAyd83#2025,Yusuf,Aydın,+90 537 963 19 25,Bağdat Cd 93,Istanbul,34643,Turkey,2025-10-11T14:53:02,,,,,,,,,,,,,
gizem.arslan@gmail.com,GiArs46@2025,Gizem,Arslan,+90 537 554 10 20,Turan Güneş Blv 136,Kayseri,38363,Turkey,2025-10-11T14:53:50,,,,,,,,,,,,,
ece.kilic476@gmail.com,EcKil68#2024,Ece,Kılıç,+90 535 832 79 68,Turan Güneş Blv 69,Istanbul,34870,Turkey,2025-10-11T15:21:17,Bella,Cat,Male,British Shorthair,True,10.0,0.0,6.8,Muscular,Less Active,"Dry food, Raw food",Happy and energetic,Important
burak.sahin504@gmail.com,BuSah34@2025,Burak,Şahin,+90 539 178 13 40,Halaskargazi Cd 221,Istanbul,34960,Turkey,2025-10-11T17:08:59,,,,,,,,,,,,,
jan.jansen610@gmail.com,JaJan38#2025,Jan,Jansen,+31 6 2933 4462,Spui 126,Rotterdam,3060 05,Netherlands,2025-10-11T17:46:09,,,,,,,,,,,,,
smartlynx750@gmail.com,AyKoc55@2024,Ayşe,Koç,+90 501 224 05 60,Nispetiye Cd 126,Istanbul,34355,Turkey,2025-10-11T18:01:52,Marley,Dog,Male,Rottweiler,True,1.0,4.0,48.2,Muscular,Very Active,"Dry food, Wet food",Calm and balanced,Very important
lynx9210@gmail.com,ElKos96!2025,Elina,Koskinen,+358 050 9364097,Kalevankatu 216,Helsinki,00601,Finland,2025-10-11T18:03:00,,,,,,,,,,,,,
sunny.cat_5450@yahoo.com,MoMoh11#2025,Mohammad,Mohammadi,+98 0935 7628877,Enghelab St 116,Tehran,6206119137,Iran,2025-10-11T18:24:25,,,,,,,,,,,,,
lisa.meijer@gmail.com,LiMei23$2025,Lisa,Meijer,+31 6 7510 6757,Damrak 186,Amsterdam,1074 88,Netherlands,2025-10-11T18:33:05,,,,,,,,,,,,,
ece.polat@outlook.com,EcPol10#2024,Ece,Polat,+90 534 309 74 38,Bağdat Cd 210,Istanbul,34109,Turkey,2025-10-11T19:24:08,,,,,,,,,,,,,
mehmet.kaya@gmail.com,MeKay42$2025,Mehmet,Kaya,+90 535 933 82 58,Turan Güneş Blv 10,Adana,01293,Turkey,2025-10-11T19:44:04,,,,,,,,,,,,,
ece.ozturk@gmail.com,EcOzt82#2024,Ece,Öztürk,+90 535 934 99 53,Turan Güneş Blv 249,Istanbul,34357,Turkey,2025-10-11T19:45:14,,,,,,,,,,,,,
mahsa.hosseini625@mervis.net,MaHos77$2024,Mahsa,Hosseini,+98 0990 4264606,Enghelab St 42,Tabriz,0787529098,Iran,2025-10-11T20:03:56,,,,,,,,,,,,,
seda.kilic@gmail.com,SeKil20@2024,Seda,Kılıç,+90 531 869 73 64,İnönü Cd 7,Istanbul,34276,Turkey,2025-10-11T20:11:51,,,,,,,,,,,,,
wildfox327@gmail.com,EmCel99$2024,Emre,Çelik,+90 535 420 38 38,İnönü Cd 207,Adana,01123,Turkey,2025-10-11T20:18:53,,,,,,,,,,,,,
yusuf.kilic963@gmail.com,YuKil67!2025,Yusuf,Kılıç,+90 532 167 71 84,Turan Güneş Blv 64,Istanbul,34592,Turkey,2025-10-11T20:37:10,,,,,,,,,,,,,
otter1220@outlook.com,CeYal54$2025,Cem,Yalçın,+90 536 380 88 58,İnönü Cd 107,Istanbul,34249,Turkey,2025-10-11T21:38:49,Cooper,Cat,Male,Ragdoll,True,12.0,8.0,8.3,Underweight,Very Active,"Wet food, Raw food",Happy and energetic,Important
owl1987@msn.com,LeKow72#2025,Lea,Kowalski,+33 6 74 69 50 86,Gran Via 183,Lyon,69001,France,2025-10-11T21:53:35,,,,,,,,,,,,,
koala1650@outlook.com,EeVir99!2024,Eero,Virtanen,+358 044 7415991,Esplanadi 2,Oulu,90830,Finland,2025-10-11T22:37:56,,,,,,,,,,,,,
yusuf.erdogan@gmail.com,YuErd26#2025,Yusuf,Erdoğan,+90 533 119 35 45,Cumhuriyet Cd 100,Antalya,07036,Turkey,2025-10-11T22:39:24,,,,,,,,,,,,,
sparrow4227@gmail.com,ElYal19!2024,Elif,Yalçın,+90 501 992 50 67,Bağdat Cd 145,Istanbul,34215,Turkey,2025-10-11T22:51:23,,,,,,,,,,,,,
berk.polat@gmail.com,BePol36$2024,Berk,Polat,+90 531 908 17 28,Cumhuriyet Cd 93,Istanbul,34329,Turkey,2025-10-11T23:18:45,,,,,,,,,,,,,
deniz.yildiz132@msn.com,DeYil70#2024,Deniz,Yıldız,+90 533 109 95 40,İstiklal Cd 140,Istanbul,34204,Turkey,2025-10-12T00:14:06,,,,,,,,,,,,,
silentbear481@icloud.com,SeKay17#2024,Selin,Kaya,+90 537 733 73 33,Turan Güneş Blv 63,Istanbul,34007,Turkey,2025-10-12T00:25:54,,,,,,,,,,,,,
tom.bos@icloud.com,ToBos72!2024,Tom,Bos,+31 6 8998 4410,Lijnbaan 205,Rotterdam,3041 54,Netherlands,2025-10-12T00:36:45,,,,,,,,,,,,,
onur.dogan823@outlook.com,OnDog86#2025,Onur,Doğan,+90 539 755 17 10,İnönü Cd 208,Istanbul,34043,Turkey,2025-10-12T00:44:59,,,,,,,,,,,,,
lion9331@outlook.com,Brde 62@2025,Bram,de Vries,+31 6 4155 0035,Lijnbaan 127,Rotterdam,3057 10,Netherlands,2025-10-12T00:52:34,Hazel,Cat,Female,Persian,True,1.0,3.0,4.5,Underweight,Very Active,Dry food,Happy and energetic,Very important
ali.polat@yahoo.com,AlPol80@2025,Ali,Polat,+90 534 709 88 36,Atatürk Blv 140,Istanbul,34412,Turkey,2025-10-12T01:00:03,,,,,,,,,,,,,
cansu.arslan287@gmail.com,CaArs66$2025,Cansu,Arslan,+90 530 992 67 94,Halaskargazi Cd 206,Izmir,35364,Turkey,2025-10-12T02:12:38,,,,,,,,,,,,,
lynx5023@yahoo.com,DeYil66$2025,Deniz,Yılmaz,+90 505 233 22 43,İnönü Cd 52,Istanbul,34604,Turkey,2025-10-12T02:15:12,Nala,Cat,Female,Bengal,True,15.0,11.0,4.2,Overweight,Moderately Active,"Wet food, Raw food",Easily distracted,Very important
falcon2816@gmail.com,Node 37#2025,Noah,de Vries,+31 6 3972 3975,Coolsingel 171,Haarlem,2069 14,Netherlands,2025-10-12T02:39:35,,,,,,,,,,,,,
eva.bos845@gmail.com,EvBos28$2025,Eva,Bos,+31 6 8578 9903,Kalverstraat 109,Utrecht,3537 93,Netherlands,2025-10-12T03:19:20,,,,,,,,,,,,,
hilal.koc554@hexapi.io,HiKoc25#2024,Hilal,Koç,+90 505 546 16 62,İnönü Cd 22,Istanbul,34266,Turkey,2025-10-12T03:28:31,,,,,,,,,,,,,
can.kaya154@outlook.com,CaKay92#2024,Can,Kaya,+90 538 569 52 34,İstiklal Cd 45,Istanbul,34879,Turkey,2025-10-12T04:40:49,,,,,,,,,,,,,
ayse.erdogan@yahoo.com,AyErd22#2024,Ayşe,Erdoğan,+90 501 409 46 97,Halaskargazi Cd 72,Antalya,07285,Turkey,2025-10-12T06:35:54,,,,,,,,,,,,,
burak.aydin@gmail.com,BuAyd83!2024,Burak,Aydın,+90 501 960 23 98,Cumhuriyet Cd 233,Istanbul,34218,Turkey,2025-10-12T07:14:58,,,,,,,,,,,,,
deniz.yildiz@gmail.com,DeYil44!2024,Deniz,Yıldız,+90 535 121 11 68,Bağdat Cd 99,Istanbul,34428,Turkey,2025-10-12T08:00:13,,,,,,,,,,,,,
mert.celik15@gmail.com,MeCel32#2025,Mert,Çelik,+90 534 255 78 39,İnönü Cd 108,Kayseri,38794,Turkey,2025-10-12T08:57:10,,,,,,,,,,,,,
gizem.arslan93@gmail.com,GiArs44#2025,Gizem,Arslan,+90 530 788 48 67,Turan Güneş Blv 119,Istanbul,34444,Turkey,2025-10-12T09:09:00,Bella,Dog,Female,German Shepherd,True,3.0,1.0,33.7,Muscular,Very Active,"Dry food, Wet food",Content and satisfied,Very important
berk.celik@icloud.com,BeCel13$2024,Berk,Çelik,+90 539 597 99 03,Nispetiye Cd 115,Istanbul,34628,Turkey,2025-10-12T09:56:19,,,,,,,,,,,,,
eagle2505@outlook.com,SaJar27@2024,Sanna,Järvinen,+358 044 1220906,Mannerheimintie 170,Turku,20083,Finland,2025-10-12T09:57:53,,,,,,,,,,,,,
lucky.otter_9582@yahoo.com,MeDem76#2024,Mert,Demir,+90 533 200 54 79,İstiklal Cd 215,Istanbul,34072,Turkey,2025-10-12T10:02:39,,,,,,,,,,,,,
selin.kaya51@outlook.com,SeKay92$2024,Selin,Kaya,+90 536 236 04 36,Cumhuriyet Cd 60,Istanbul,34301,Turkey,2025-10-12T10:06:45,Pumpkin,Cat,Female,British Shorthair,False,11.0,8.0,6.8,Muscular,Active,Dry food,Always hungry,Very important
can.polat@gmail.com,CaPol92#2024,Can,Polat,+90 537 250 85 61,Turan Güneş Blv 120,Istanbul,34723,Turkey,2025-10-12T11:02:21,Charlie,Dog,Female,Cocker Spaniel,True,7.0,4.0,14.1,Overweight,Very Active,"Dry food, Raw food",Calm and balanced,Important
bright.fox_8043@yahoo.com,EeMak94#2025,Eero,Mäkinen,+358 041 1574554,Esplanadi 51,Lahti,15200,Finland,2025-10-12T11:22:01,,,,,,,,,,,,,
mert.yildiz705@outlook.com,MeYil48$2024,Mert,Yıldız,+90 538 232 08 41,Halaskargazi Cd 29,Istanbul,34915,Turkey,2025-10-12T11:31:01,,,,,,,,,,,,,
marie.fernandez384@yahoo.com,MaFer49$2025,Marie,Fernández,+49 152 5498751,Gran Via 184,Hamburg,20095,Germany,2025-10-12T11:57:31,,,,,,,,,,,,,
lucky.cat_311@auroradata.fr,AyKay49@2025,Ayşe,Kaya,+90 534 471 08 64,Atatürk Blv 24,Istanbul,34318,Turkey,2025-10-12T12:21:07,Buddy,Dog,Female,Beagle,True,2.0,10.0,12.4,Muscular,Very Active,Dry food,Easily distracted,Important
antti.hamalainen@gmail.com,AnHam17@2024,Antti,Hämäläinen,+358 041 9636850,Esplanadi 249,Helsinki,00781,Finland,2025-10-12T15:33:23,,,,,,,,,,,,,
lotte.visser802@gmail.com,LoVis30@2024,Lotte,Visser,+31 6 6974 4507,Kalverstraat 156,Rotterdam,3065 01,Netherlands,2025-10-12T15:49:29,Marley,Dog,Female,German Shepherd,True,9.0,5.0,24.0,Underweight,Active,"Wet food, Raw food",Content and satisfied,Important
hilal.polat714@gmail.com,HiPol93@2024,Hilal,Polat,+90 501 419 93 69,İnönü Cd 73,Istanbul,34994,Turkey,2025-10-12T16:43:41,,,,,,,,,,,,,
olli.jarvinen608@gmail.com,OlJar67#2025,Olli,Järvinen,+358 050 1862996,Itäkatu 95,Helsinki,00719,Finland,2025-10-12T17:47:27,,,,,,,,,,,,,
seda.yilmaz@gmail.com,SeYil29@2024,Seda,Yılmaz,+90 531 120 83 40,Atatürk Blv 62,Antalya,07989,Turkey,2025-10-12T18:04:27,,,,,,,,,,,,,
rapidlion945@msn.com,Nivan97#2024,Nina,van Loon,+31 6 4410 8179,Kalverstraat 151,Eindhoven,5655 40,Netherlands,2025-10-12T18:31:21,Cooper,Cat,Male,Persian,False,1.0,1.0,3.5,Muscular,Very Active,"Dry food, Wet food",Content and satisfied,Important
sunnyeagle987@yahoo.com,HaKay38@2025,Hakan,Kaya,+90 533 549 61 27,İnönü Cd 7,Istanbul,34880,Turkey,2025-10-12T18:34:48,,,,,,,,,,,,,
santeri.nieminen@gmail.com,SaNie46#2024,Santeri,Nieminen,+358 044 3563832,Itäkatu 97,Helsinki,00315,Finland,2025-10-12T18:37:17,,,,,,,,,,,,,
bram.bos81@icloud.com,BrBos38#2024,Bram,Bos,+31 6 5570 7548,Damrak 33,Rotterdam,3004 93,Netherlands,2025-10-12T19:01:57,,,,,,,,,,,,,
jonas.schneider@gmail.com,JoSch97!2024,Jonas,Schneider,+49 160 3497440,Unter den Linden 101,Berlin,10115,Germany,2025-10-12T19:11:21,,,,,,,,,,,,,
emre.sahin772@gmail.com,EmSah11!2025,Emre,Şahin,+90 534 757 69 59,Turan Güneş Blv 70,Ankara,06714,Turkey,2025-10-12T19:11:55,Daisy,Cat,Female,Sphynx,True,1.0,3.0,4.3,Overweight,Less Active,"Dry food, Wet food",Happy and energetic,Important
cansu.dogan211@petlab.fr,CaDog52!2024,Cansu,Doğan,+90 533 643 37 04,Nispetiye Cd 116,Istanbul,34943,Turkey,2025-10-12T19:31:50,,,,,,,,,,,,,
cansu.polat@gmail.com,CaPol26!2024,Cansu,Polat,+90 535 738 17 33,Turan Güneş Blv 167,Gaziantep,27952,Turkey,2025-10-12T19:46:03,,,,,,,,,,,,,
elina.laine@gmail.com,ElLai95!2024,Elina,Laine,+358 040 6745932,Itäkatu 114,Vantaa,01069,Finland,2025-10-12T20:00:57,Bailey,Cat,Female,Siamese,False,13.0,4.0,4.7,Muscular,Active,"Wet food, Raw food",Calm and balanced,Important
deniz.koc@novatek.ai,DeKoc72#2024,Deniz,Koç,+90 539 673 96 48,Halaskargazi Cd 4,Istanbul,34099,Turkey,2025-10-12T20:06:11,,,,,,,,,,,,,
cem.koc756@outlook.com,CeKoc99!2025,Cem,Koç,+90 501 755 65 73,Nispetiye Cd 243,Istanbul,34379,Turkey,2025-10-12T20:46:30,,,,,,,,,,,,,
smartdog131@gmail.com,Rovan88#2024,Rob,van der Meer,+31 6 2707 2813,Vismarkt 75,Utrecht,3567 92,Netherlands,2025-10-12T21:04:41,,,,,,,,,,,,,
jari.hamalainen@safronix.io,JaHam71#2025,Jari,Hämäläinen,+358 044 2563368,Mannerheimintie 68,Turku,20654,Finland,2025-10-12T21:44:38,,,,,,,,,,,,,
emre.yalcin@mail.com,EmYal12!2024,Emre,Yalçın,+90 539 162 94 01,Cumhuriyet Cd 100,Bursa,16956,Turkey,2025-10-12T22:00:31,,,,,,,,,,,,,
heidi.makinen491@gmail.com,HeMak90$2024,Heidi,Mäkinen,+358 044 9384982,Itäkatu 238,Tampere,33785,Finland,2025-10-12T22:17:31,Luna,Dog,Male,Border Collie,True,2.0,0.0,16.4,Muscular,Very Active,"Dry food, Wet food",Happy and energetic,Very important
pouya.hosseini937@outlook.com,PoHos11#2024,Pouya,Hosseini,+98 0935 5171016,Valiasr St 187,Tehran,8163419845,Iran,2025-10-12T22:24:35,,,,,,,,,,,,,
laura.koskinen@gmail.com,LaKos87@2024,Laura,Koskinen,+358 040 7092170,Aleksanterinkatu 8,Lahti,15045,Finland,2025-10-12T22:56:32,,,,,,,,,,,,,
owl1340@gmail.com,ZeKoc53@2025,Zeynep,Koç,+90 531 722 43 42,Halaskargazi Cd 192,Antalya,07188,Turkey,2025-10-12T23:01:25,,,,,,,,,,,,,
eagle8601@mervis.net,BePol80#2025,Berk,Polat,+90 538 821 63 75,Turan Güneş Blv 161,Istanbul,34750,Turkey,2025-10-12T23:48:18,,,,,,,,,,,,,
koala2644@gmail.com,VeVir75@2024,Veera,Virtanen,+358 050 7923127,Hämeenkatu 59,Tampere,33957,Finland,2025-10-13T01:58:50,,,,,,,,,,,,,
milan.vanvliet@gmail.com,Mivan54$2025,Milan,van Vliet,+31 6 2791 1816,Spui 105,Rotterdam,3028 11,Netherlands,2025-10-13T02:33:13,,,,,,,,,,,,,
gizem.erdogan608@gmail.com,GiErd79$2025,Gizem,Erdoğan,+90 539 506 00 51,Nispetiye Cd 193,Istanbul,34903,Turkey,2025-10-13T03:31:14,Mocha,Cat,Male,Ragdoll,True,2.0,3.0,6.0,Muscular,Active,Dry food,Content and satisfied,Very important
smartsparrow68@gmail.com,SoSmi57$2024,Sophie,Smit,+31 6 4903 3723,Kalverstraat 246,Amsterdam,1022 31,Netherlands,2025-10-13T03:49:52,,,,,,,,,,,,,
santeri.laine@gmail.com,SaLai49@2025,Santeri,Laine,+358 041 8912584,Aleksanterinkatu 109,Helsinki,00085,Finland,2025-10-13T04:03:40,,,,,,,,,,,,,
eva.devries317@gmail.com,Evde 91#2024,Eva,de Vries,+31 6 5916 2875,Vismarkt 236,Amsterdam,1012 94,Netherlands,2025-10-13T04:07:25,,,,,,,,,,,,,
urban.eagle_8470@yandex.com,JoBak38$2025,Johan,Bakker,+31 6 1528 6076,Kalverstraat 52,Amsterdam,1007 42,Netherlands,2025-10-13T04:30:28,,,,,,,,,,,,,
gizem.koc@gmail.com,GiKoc23!2024,Gizem,Koç,+90 531 941 71 45,Atatürk Blv 121,Istanbul,34606,Turkey,2025-10-13T04:40:22,,,,,,,,,,,,,
cem.aksoy@gmail.com,CeAks50#2025,Cem,Aksoy,+90 530 195 76 49,Nispetiye Cd 81,Istanbul,34104,Turkey,2025-10-13T04:44:10,,,,,,,,,,,,,
ali.sahin@novatek.ai,AlSah92!2025,Ali,Şahin,+90 530 304 16 20,Nispetiye Cd 27,Konya,42069,Turkey,2025-10-13T04:49:26,,,,,,,,,,,,,
mehmet.koc@gmail.com,MeKoc82@2024,Mehmet,Koç,+90 532 659 98 92,Cumhuriyet Cd 122,Istanbul,34809,Turkey,2025-10-13T05:13:38,Leo,Dog,Female,Golden Retriever,True,9.0,3.0,30.5,Ideal,Active,Dry food,Always hungry,Very important
sunnysparrow689@gmail.com,Invan99!2024,Inge,van der Meer,+31 6 7901 2221,Kalverstraat 207,Amsterdam,1044 09,Netherlands,2025-10-13T06:55:08,,,,,,,,,,,,,
femke.bakker666@gmail.com,FeBak72@2024,Femke,Bakker,+31 6 5785 4610,Damrak 109,Den Bosch,5212 99,Netherlands,2025-10-13T07:18:11,,,,,,,,,,,,,
whale813@msn.com,CaSah96@2025,Cansu,Şahin,+90 537 833 15 56,Bağdat Cd 107,Mersin,33633,Turkey,2025-10-13T07:31:36,,,,,,,,,,,,,
burak.yilmaz@outlook.com,BuYil23#2025,Burak,Yılmaz,+90 531 556 08 72,İnönü Cd 118,Istanbul,34169,Turkey,2025-10-13T08:56:04,,,,,,,,,,,,,
milan.bakker@gmail.com,MiBak12@2025,Milan,Bakker,+31 6 4559 4148,Coolsingel 39,Amsterdam,1044 33,Netherlands,2025-10-13T09:03:24,,,,,,,,,,,,,
yusuf.sahin@gmail.com,YuSah99#2025,Yusuf,Şahin,+90 536 343 09 55,Cumhuriyet Cd 66,Konya,42285,Turkey,2025-10-13T09:03:47,,,,,,,,,,,,,
noah.jansen@gmail.com,NoJan29#2024,Noah,Jansen,+31 6 7211 1196,Damrak 162,Amsterdam,1069 87,Netherlands,2025-10-13T09:05:08,,,,,,,,,,,,,
elif.koc@fastmail.com,ElKoc79!2025,Elif,Koç,+90 536 379 36 22,Halaskargazi Cd 103,Bursa,16381,Turkey,2025-10-13T09:08:32,,,,,,,,,,,,,
onur.demir327@gmail.com,OnDem39@2024,Onur,Demir,+90 532 224 36 38,Halaskargazi Cd 190,Bursa,16576,Turkey,2025-10-13T09:28:00,,,,,,,,,,,,,
onur.demir@gmail.com,OnDem99@2025,Onur,Demir,+90 531 109 31 43,Halaskargazi Cd 96,Istanbul,34833,Turkey,2025-10-13T10:52:32,,,,,,,,,,,,,
santeri.jarvinen323@gmail.com,SaJar59$2024,Santeri,Järvinen,+358 041 5812219,Aleksanterinkatu 85,Helsinki,00381,Finland,2025-10-13T11:29:50,,,,,,,,,,,,,
otter724@gmail.com,GiDog35@2024,Gizem,Doğan,+90 532 933 10 83,Turan Güneş Blv 165,Konya,42658,Turkey,2025-10-13T11:32:52,,,,,,,,,,,,,
cosmic.otter_4462@zoho.com,DeDem28$2025,Deniz,Demir,+90 538 569 65 28,Turan Güneş Blv 80,Adana,01376,Turkey,2025-10-13T11:46:18,,,,,,,,,,,,,
fox2012@gmail.com,EmKos40$2024,Emmi,Koskinen,+358 044 3002421,Esplanadi 54,Helsinki,00076,Finland,2025-10-13T12:36:52,,,,,,,,,,,,,
jan.devries@gmail.com,Jade 57@2025,Jan,de Vries,+31 6 4335 4685,Lijnbaan 49,Zwolle,8061 71,Netherlands,2025-10-13T12:56:14,Daisy,Dog,Female,Golden Retriever,False,2.0,2.0,26.6,Underweight,Active,Dry food,Calm and balanced,Important
smart.sparrow_8574@gmail.com,AsKay55!2024,Aslı,Kaya,+90 530 821 03 07,Atatürk Blv 58,Istanbul,34028,Turkey,2025-10-13T13:09:04,,,,,,,,,,,,,
onur.yalcin@icloud.com,OnYal35!2025,Onur,Yalçın,+90 505 728 76 83,Nispetiye Cd 19,Istanbul,34969,Turkey,2025-10-13T13:20:13,Hazel,Dog,Female,Rottweiler,True,1.0,3.0,58.1,Ideal,Active,"Dry food, Raw food",Content and satisfied,Important
blue.tiger_5507@nordiq.tr,AsKay33@2025,Aslı,Kaya,+90 532 416 57 48,Nispetiye Cd 213,Istanbul,34136,Turkey,2025-10-13T14:06:00,,,,,,,,,,,,,
bram.jansen@gmail.com,BrJan68@2024,Bram,Jansen,+31 6 6450 7750,Lijnbaan 155,Rotterdam,3017 33,Netherlands,2025-10-13T14:18:01,,,,,,,,,,,,,
fox4861@saha.com,AlAyd13$2025,Ali,Aydın,+90 501 519 23 61,Cumhuriyet Cd 195,Istanbul,34266,Turkey,2025-10-13T16:35:13,,,,,,,,,,,,,
ece.koc@gmail.com,EcKoc73$2024,Ece,Koç,+90 505 710 85 40,Turan Güneş Blv 222,Ankara,06530,Turkey,2025-10-13T17:40:21,,,,,,,,,,,,,
lion1053@gmail.com,Mide 98!2025,Milan,de Vries,+31 6 5932 0797,Coolsingel 42,Amsterdam,1099 99,Netherlands,2025-10-13T18:02:07,,,,,,,,,,,,,
can.sahin@gmail.com,CaSah35#2024,Can,Şahin,+90 531 441 88 47,Nispetiye Cd 241,Istanbul,34058,Turkey,2025-10-13T18:31:08,,,,,,,,,,,,,
dog687@gmail.com,AiMak69!2025,Aino,Mäkinen,+358 041 4510444,Kalevankatu 164,Helsinki,00780,Finland,2025-10-13T18:56:10,Tiger,Cat,Female,Maine Coon,False,7.0,8.0,5.4,Muscular,Less Active,"Dry food, Wet food",Picky eater,Important
anna.schmidt@gmail.com,AnSch74#2025,Anna,Schmidt,+34 673 629 120,Unter den Linden 14,Barcelona,08001,Spain,2025-10-13T19:03:28,Simba,Cat,Female,Ragdoll,True,2.0,10.0,6.8,Ideal,Moderately Active,Dry food,Calm and balanced,Important
milan.visser221@gmail.com,MiVis80@2025,Milan,Visser,+31 6 5797 1674,Kalverstraat 3,Rotterdam,3029 38,Netherlands,2025-10-13T19:11:06,,,,,,,,,,,,,
zeynep.yildiz473@gmail.com,ZeYil38#2025,Zeynep,Yıldız,+90 536 180 68 48,İnönü Cd 174,Istanbul,34417,Turkey,2025-10-13T19:29:53,,,,,,,,,,,,,
femke.vanloon@mail.com,Fevan57$2025,Femke,van Loon,+31 6 4234 6181,Blaak 220,Rotterdam,3015 33,Netherlands,2025-10-13T19:37:07,,,,,,,,,,,,,
mert.ozturk@gmail.com,MeOzt90$2024,Mert,Öztürk,+90 505 525 13 11,İstiklal Cd 19,Gaziantep,27043,Turkey,2025-10-13T19:42:24,,,,,,,,,,,,,
bright.wolf_4718@fastmail.com,HaYal11#2024,Hakan,Yalçın,+90 531 675 62 85,İnönü Cd 174,Istanbul,34802,Turkey,2025-10-13T20:20:17,,,,,,,,,,,,,
sanne.bakker@gmail.com,SaBak82#2025,Sanne,Bakker,+31 6 7457 2534,Coolsingel 123,Amsterdam,1051 59,Netherlands,2025-10-13T20:28:40,Marley,Dog,Female,Beagle,True,2.0,10.0,9.7,Muscular,Less Active,Raw food,Calm and balanced,Important
can.kaya330@gmail.com,CaKay65$2025,Can,Kaya,+90 534 962 70 90,Nispetiye Cd 37,Istanbul,34035,Turkey,2025-10-13T20:34:22,Chloe,Dog,Male,Labrador Retriever,True,3.0,6.0,29.6,Ideal,Active,Raw food,Happy and energetic,Very important
hilal.sahin375@mervis.net,HiSah84$2024,Hilal,Şahin,+90 536 661 03 44,İnönü Cd 230,Adana,01619,Turkey,2025-10-13T21:37:34,,,,,,,,,,,,,
deniz.aydin@gmail.com,DeAyd70#2024,Deniz,Aydın,+90 539 531 30 42,Bağdat Cd 207,Istanbul,34209,Turkey,2025-10-13T21:38:27,,,,,,,,,,,,,
can.kilic554@outlook.com,CaKil46@2025,Can,Kılıç,+90 534 545 11 57,Halaskargazi Cd 158,Adana,01279,Turkey,2025-10-13T21:51:15,Sushi,Cat,Male,Persian,False,1.0,8.0,4.8,Muscular,Moderately Active,Wet food,Picky eater,Important
blue.sparrow_7268@outlook.com,YuErd73!2024,Yusuf,Erdoğan,+90 537 160 08 69,Turan Güneş Blv 101,Istanbul,34839,Turkey,2025-10-13T22:38:10,,,,,,,,,,,,,
emre.dogan@gmail.com,EmDog17#2024,Emre,Doğan,+90 539 431 12 12,Atatürk Blv 73,Istanbul,34331,Turkey,2025-10-13T23:07:28,,,,,,,,,,,,,
asli.kaya@msn.com,AsKay65#2024,Aslı,Kaya,+90 531 885 32 71,Nispetiye Cd 43,Adana,01535,Turkey,2025-10-13T23:08:49,,,,,,,,,,,,,
elif.ozturk@gmail.com,ElOzt95#2025,Elif,Öztürk,+90 534 659 67 35,Turan Güneş Blv 151,Istanbul,34242,Turkey,2025-10-14T00:24:43,,,,,,,,,,,,,
miika.nieminen15@gmail.com,MiNie23@2025,Miika,Nieminen,+358 041 4598030,Hämeenkatu 159,Espoo,02044,Finland,2025-10-14T00:44:27,,,,,,,,,,,,,
burak.erdogan584@gmail.com,BuErd68!2025,Burak,Erdoğan,+90 505 340 30 15,Turan Güneş Blv 76,Istanbul,34141,Turkey,2025-10-14T00:53:17,Bailey,Dog,Male,Golden Retriever,True,8.0,3.0,33.2,Underweight,Very Active,Wet food,Easily distracted,Important
jan.visser@msn.com,JaVis77!2024,Jan,Visser,+31 6 4376 5495,Spui 24,Amsterdam,1047 31,Netherlands,2025-10-14T01:09:32,,,,,,,,,,,,,
goldensparrow126@outlook.com,DeSah27@2024,Deniz,Şahin,+90 534 441 41 49,Cumhuriyet Cd 241,Konya,42332,Turkey,2025-10-14T02:28:37,Oreo,Cat,Male,Persian,False,15.0,2.0,3.1,Underweight,Active,"Dry food, Wet food",Always hungry,Important
cem.yilmaz@gmail.com,CeYil14$2025,Cem,Yılmaz,+90 505 244 80 58,Cumhuriyet Cd 52,Istanbul,34515,Turkey,2025-10-14T02:44:36,,,,,,,,,,,,,
sophie.bakker@gmail.com,SoBak73#2025,Sophie,Bakker,+31 6 3111 9504,Lijnbaan 152,Utrecht,3582 60,Netherlands,2025-10-14T05:12:41,Misty,Dog,Male,German Shepherd,False,1.0,5.0,27.2,Overweight,Very Active,Raw food,Content and satisfied,Important
hakan.koc362@gmail.com,HaKoc43@2025,Hakan,Koç,+90 536 717 92 92,Bağdat Cd 154,Istanbul,34055,Turkey,2025-10-14T05:25:29,,,,,,,,,,,,,
lisa.visser505@gmail.com,LiVis84@2025,Lisa,Visser,+31 6 4708 8205,Nieuwezijds Voorburgwal 79,Amsterdam,1019 14,Netherlands,2025-10-14T05:44:05,Mocha,Dog,Female,Border Collie,True,7.0,0.0,19.0,Overweight,Less Active,Dry food,Easily distracted,Important
lotte.vanvliet517@gmail.com,Lovan50$2024,Lotte,van Vliet,+31 6 6472 7019,Damrak 147,Rotterdam,3003 99,Netherlands,2025-10-14T06:30:38,,,,,,,,,,,,,
smartkoala710@yahoo.com,BeOzt68!2025,Berk,Öztürk,+90 533 504 43 77,Cumhuriyet Cd 66,Istanbul,34406,Turkey,2025-10-14T07:08:03,Smokey,Dog,Female,Golden Retriever,True,12.0,10.0,32.2,Overweight,Active,"Dry food, Raw food",Calm and balanced,Important
deniz.erdogan11@gmail.com,DeErd27!2024,Deniz,Erdoğan,+90 535 267 41 38,İstiklal Cd 21,Antalya,07821,Turkey,2025-10-14T07:10:57,Pumpkin,Dog,Male,Golden Retriever,True,8.0,1.0,30.2,Ideal,Less Active,"Dry food, Wet food",Easily distracted,Important
femke.bos@gmail.com,FeBos87#2024,Femke,Bos,+31 6 6412 0856,Coolsingel 180,Amsterdam,1083 19,Netherlands,2025-10-14T07:21:08,,,,,,,,,,,,,
ece.celik@gmail.com,EcCel75@2024,Ece,Çelik,+90 535 679 11 31,Turan Güneş Blv 9,Istanbul,34858,Turkey,2025-10-14T07:41:22,,,,,,,,,,,,,
elif.yilmaz145@gmail.com,ElYil82#2025,Elif,Yılmaz,+90 505 368 83 40,Turan Güneş Blv 103,Istanbul,34950,Turkey,2025-10-14T08:16:12,,,,,,,,,,,,,
ayse.yalcin693@gmail.com,AyYal17#2025,Ayşe,Yalçın,+90 539 263 66 57,Nispetiye Cd 106,Istanbul,34933,Turkey,2025-10-14T08:16:47,,,,,,,,,,,,,
mert.erdogan536@msn.com,MeErd23$2025,Mert,Erdoğan,+90 532 337 84 89,Cumhuriyet Cd 73,Istanbul,34449,Turkey,2025-10-14T08:29:15,Max,Dog,Male,Poodle,True,11.0,3.0,22.6,Muscular,Less Active,"Dry food, Raw food",Always hungry,Very important
bram.vandijk@gmail.com,Brvan44@2024,Bram,van Dijk,+31 6 1132 4118,Blaak 154,Leiden,2398 71,Netherlands,2025-10-14T08:42:39,Buddy,Cat,Female,Bengal,True,1.0,6.0,3.6,Muscular,Active,Dry food,Content and satisfied,Very important
seda.yilmaz41@msn.com,SeYil29!2025,Seda,Yılmaz,+90 539 353 82 54,İnönü Cd 49,Istanbul,34673,Turkey,2025-10-14T09:59:33,,,,,,,,,,,,,
sanna.hamalainen@gmail.com,SaHam69$2024,Sanna,Hämäläinen,+358 041 5734595,Itäkatu 173,Tampere,33669,Finland,2025-10-14T10:00:58,,,,,,,,,,,,,
cem.kilic@yahoo.com,CeKil86$2024,Cem,Kılıç,+90 530 967 35 53,Nispetiye Cd 229,Istanbul,34024,Turkey,2025-10-14T10:44:56,Rocky,Dog,Female,Beagle,False,4.0,2.0,12.1,Overweight,Moderately Active,Wet food,Easily distracted,Important
lion3070@gmail.com,EmDog69@2024,Emre,Doğan,+90 531 504 06 66,İnönü Cd 120,Istanbul,34310,Turkey,2025-10-14T10:46:23,,,,,,,,,,,,,
owl2796@gmail.com,SeErd24#2024,Seda,Erdoğan,+90 535 924 98 59,Cumhuriyet Cd 82,Istanbul,34592,Turkey,2025-10-14T10:53:45,,,,,,,,,,,,,
yusuf.yildiz294@gmail.com,YuYil20!2025,Yusuf,Yıldız,+90 505 412 05 74,Halaskargazi Cd 184,Istanbul,34315,Turkey,2025-10-14T11:25:02,,,,,,,,,,,,,
nina.devries@outlook.com,Nide 84!2025,Nina,de Vries,+31 6 3148 6899,Nieuwezijds Voorburgwal 72,Amsterdam,1038 18,Netherlands,2025-10-14T11:44:57,,,,,,,,,,,,,
ece.sahin145@gmail.com,EcSah22!2025,Ece,Şahin,+90 533 515 24 11,İstiklal Cd 13,Istanbul,34465,Turkey,2025-10-14T11:45:01,,,,,,,,,,,,,
matteo.silva34@gmail.com,MaSil48#2024,Matteo,Silva,+43 658 1490917,Via Roma 193,Vienna,1010,Austria,2025-10-14T13:26:22,Hazel,Cat,Female,Maine Coon,True,16.0,8.0,6.3,Muscular,Moderately Active,Wet food,Easily distracted,Very important
bright.lion_1338@gmail.com,EmPol57!2025,Emre,Polat,+90 533 747 74 39,Halaskargazi Cd 84,Istanbul,34036,Turkey,2025-10-14T13:32:55,,,,,,,,,,,,,
elif.kaya329@msn.com,ElKay74#2024,Elif,Kaya,+90 533 711 17 58,Bağdat Cd 24,Istanbul,34306,Turkey,2025-10-14T13:47:20,,,,,,,,,,,,,
bram.meijer@gmail.com,BrMei45#2024,Bram,Meijer,+31 6 4856 4394,Coolsingel 66,Amsterdam,1005 48,Netherlands,2025-10-14T13:53:41,,,,,,,,,,,,,
cosmicbear69@yahoo.com,PiVis25@2025,Pieter,Visser,+31 6 6544 0003,Damrak 147,Amsterdam,1010 56,Netherlands,2025-10-14T14:21:27,,,,,,,,,,,,,
deniz.kaya580@gmail.com,DeKay88!2025,Deniz,Kaya,+90 538 454 62 31,Turan Güneş Blv 69,Istanbul,34094,Turkey,2025-10-14T15:04:38,,,,,,,,,,,,,
deniz.yalcin105@outlook.com,DeYal42#2024,Deniz,Yalçın,+90 533 922 78 13,Halaskargazi Cd 28,Istanbul,34408,Turkey,2025-10-14T15:46:53,,,,,,,,,,,,,
maarten.bakker849@gmail.com,MaBak26@2024,Maarten,Bakker,+31 6 3843 1546,Spui 197,Rotterdam,3081 70,Netherlands,2025-10-14T16:21:29,Misty,Cat,Male,Sphynx,True,15.0,5.0,4.2,Ideal,Moderately Active,Raw food,Picky eater,Very important
berk.erdogan23@gmail.com,BeErd94!2024,Berk,Erdoğan,+90 535 733 84 43,Atatürk Blv 48,Istanbul,34313,Turkey,2025-10-14T16:33:12,,,,,,,,,,,,,
ece.demir511@gmail.com,EcDem12@2025,Ece,Demir,+90 501 478 12 52,Atatürk Blv 40,Ankara,06790,Turkey,2025-10-14T16:47:22,,,,,,,,,,,,,
blue.lion_9632@yahoo.com,NiMei42#2025,Nina,Meijer,+31 6 7084 8603,Vismarkt 146,Amsterdam,1043 22,Netherlands,2025-10-14T16:50:29,,,,,,,,,,,,,
bram.smit99@outlook.com,BrSmi89@2025,Bram,Smit,+31 6 5830 9362,Vismarkt 210,Utrecht,3549 90,Netherlands,2025-10-14T17:48:07,Cooper,Cat,Female,Bengal,False,14.0,3.0,5.0,Overweight,Less Active,Raw food,Easily distracted,Very important
hilal.arslan992@gmail.com,HiArs22#2024,Hilal,Arslan,+90 530 542 53 93,Halaskargazi Cd 37,Istanbul,34662,Turkey,2025-10-14T17:50:28,,,,,,,,,,,,,
seda.kaya713@msn.com,SeKay24@2025,Seda,Kaya,+90 536 595 76 97,Nispetiye Cd 109,Istanbul,34937,Turkey,2025-10-14T19:32:36,,,,,,,,,,,,,
veera.nieminen@msn.com,VeNie50$2024,Veera,Nieminen,+358 041 7590359,Aleksanterinkatu 55,Helsinki,00113,Finland,2025-10-14T20:37:11,Pepper,Dog,Male,Golden Retriever,True,4.0,0.0,32.7,Muscular,Less Active,"Dry food, Wet food",Happy and energetic,Very important
juha.nieminen240@datamint.fr,JuNie50!2025,Juha,Nieminen,+358 050 1487644,Mannerheimintie 232,Tampere,33196,Finland,2025-10-14T21:28:25,,,,,,,,,,,,,
miika.koskinen@fastmail.com,MiKos44!2024,Miika,Koskinen,+358 041 7731316,Mannerheimintie 75,Lahti,15079,Finland,2025-10-14T21:30:50,Bella,Cat,Female,Sphynx,False,1.0,10.0,3.1,Muscular,Less Active,Dry food,Easily distracted,Very important
onur.arslan278@mail.com,OnArs15@2024,Onur,Arslan,+90 537 744 82 47,Atatürk Blv 64,Istanbul,34588,Turkey,2025-10-14T23:21:42,,,,,,,,,,,,,
wolf7742@hexapi.nl,SeAks27!2025,Selin,Aksoy,+90 537 676 28 44,Nispetiye Cd 244,Istanbul,34579,Turkey,2025-10-14T23:35:32,,,,,,,,,,,,,
marco.rossi@gmail.com,MaRos68!2025,Marco,Rossi,+33 6 18 88 13 39,Champs-Élysées 189,Paris,75001,France,2025-10-14T23:47:41,,,,,,,,,,,,,
silent.owl_3445@gmail.com,MeDem94#2025,Mehmet,Demir,+90 505 409 76 08,Nispetiye Cd 127,Istanbul,34837,Turkey,2025-10-15T00:34:07,,,,,,,,,,,,,
luckyfox826@gmail.com,LiKui63@2025,Lisa,Kuiper,+31 6 1031 3278,Nieuwezijds Voorburgwal 24,Utrecht,3501 98,Netherlands,2025-10-15T00:56:20,,,,,,,,,,,,,
deniz.ozturk675@outlook.com,DeOzt81$2025,Deniz,Öztürk,+90 531 310 93 72,İstiklal Cd 6,Istanbul,34037,Turkey,2025-10-15T01:21:56,,,,,,,,,,,,,
cosmiccat512@datamint.nl,DeOzt13$2024,Deniz,Öztürk,+90 535 426 78 31,Bağdat Cd 166,Kayseri,38040,Turkey,2025-10-15T01:39:30,Nala,Cat,Female,British Shorthair,False,6.0,10.0,4.0,Overweight,Moderately Active,"Dry food, Wet food",Easily distracted,Important
emre.sahin@msn.com,EmSah66#2024,Emre,Şahin,+90 537 825 35 33,Atatürk Blv 77,Istanbul,34102,Turkey,2025-10-15T01:44:59,,,,,,,,,,,,,
milan.vandijk137@gmail.com,Mivan29@2024,Milan,van Dijk,+31 6 8280 2051,Blaak 98,Amsterdam,1027 12,Netherlands,2025-10-15T01:56:16,,,,,,,,,,,,,
laura.korhonen448@gmail.com,LaKor18@2024,Laura,Korhonen,+358 040 2389781,Itäkatu 217,Lahti,15078,Finland,2025-10-15T02:02:32,,,,,,,,,,,,,
mehmet.yalcin351@icloud.com,MeYal43!2024,Mehmet,Yalçın,+90 505 414 07 50,Halaskargazi Cd 247,Istanbul,34182,Turkey,2025-10-15T02:24:35,,,,,,,,,,,,,
anne.bakker426@gmail.com,AnBak97#2025,Anne,Bakker,+31 6 6004 1316,Spui 119,Rotterdam,3030 66,Netherlands,2025-10-15T02:27:57,,,,,,,,,,,,,
hilal.kilic@gmail.com,HiKil16!2024,Hilal,Kılıç,+90 532 196 31 10,Turan Güneş Blv 190,Istanbul,34463,Turkey,2025-10-15T03:28:52,,,,,,,,,,,,,
goldenwhale721@msn.com,CeKay45$2024,Cem,Kaya,+90 533 296 96 47,Halaskargazi Cd 12,Istanbul,34273,Turkey,2025-10-15T04:33:17,,,,,,,,,,,,,
jari.koskinen@gmail.com,JaKos58!2025,Jari,Koskinen,+358 050 8578845,Aleksanterinkatu 204,Helsinki,00771,Finland,2025-10-15T05:33:23,,,,,,,,,,,,,
urbaneagle767@gmail.com,Lide 93$2025,Lisa,de Vries,+31 6 7376 8258,Lijnbaan 207,Utrecht,3508 78,Netherlands,2025-10-15T05:52:19,,,,,,,,,,,,,
falcon3802@gmail.com,BuArs98$2025,Burak,Arslan,+90 538 337 77 29,Turan Güneş Blv 97,Istanbul,34420,Turkey,2025-10-15T06:24:04,,,,,,,,,,,,,
rapid.owl_9249@yahoo.com,EmHam89$2025,Emmi,Hämäläinen,+358 041 3821020,Itäkatu 105,Helsinki,00970,Finland,2025-10-15T06:28:31,Loki,Dog,Female,Poodle,True,12.0,11.0,13.4,Overweight,Active,Raw food,Happy and energetic,Important
lotte.jansen53@gmail.com,LoJan95#2025,Lotte,Jansen,+31 6 3340 2346,Vismarkt 175,Utrecht,3565 52,Netherlands,2025-10-15T06:48:46,,,,,,,,,,,,,
selin.koc750@gmail.com,SeKoc43!2024,Selin,Koç,+90 530 297 31 07,Cumhuriyet Cd 159,Istanbul,34263,Turkey,2025-10-15T07:11:59,,,,,,,,,,,,,
bluewolf686@gmail.com,PaSad54!2024,Parsa,Sadeghi,+98 0919 3925404,Shariati St 70,Tehran,2648930606,Iran,2025-10-15T07:15:35,,,,,,,,,,,,,
elif.ozturk@gmail.com,ElOzt25#2025,Elif,Öztürk,+90 532 226 72 62,Turan Güneş Blv 32,Istanbul,34513,Turkey,2025-10-15T07:47:07,,,,,,,,,,,,,
mert.erdogan@gmail.com,MeErd35!2024,Mert,Erdoğan,+90 530 696 45 64,Bağdat Cd 37,Istanbul,34895,Turkey,2025-10-15T07:51:13,,,,,,,,,,,,,
cem.celik@gmail.com,CeCel78@2025,Cem,Çelik,+90 531 869 55 98,Turan Güneş Blv 119,Istanbul,34403,Turkey,2025-10-15T10:05:23,,,,,,,,,,,,,
veera.koskinen@auroradata.tr,VeKos72#2025,Veera,Koskinen,+358 040 8906107,Aleksanterinkatu 157,Lahti,15199,Finland,2025-10-15T10:45:35,Bailey,Cat,Male,British Shorthair,True,14.0,11.0,6.9,Overweight,Less Active,Raw food,Always hungry,Very important
cansu.sahin@yahoo.com,CaSah72!2024,Cansu,Şahin,+90 530 333 82 38,Cumhuriyet Cd 212,Istanbul,34547,Turkey,2025-10-15T12:42:25,,,,,,,,,,,,,
javier.moreau589@icloud.com,JaMor13!2024,Javier,Moreau,+43 660 3800369,Gran Via 247,Vienna,1010,Austria,2025-10-15T13:20:55,,,,,,,,,,,,,
lucky.dog_7959@gmail.com,RoJan97$2024,Rob,Jansen,+31 6 2017 4798,Blaak 99,Rotterdam,3031 71,Netherlands,2025-10-15T13:32:51,,,,,,,,,,,,,
laura.korhonen337@outlook.com,LaKor20#2024,Laura,Korhonen,+358 044 3007739,Hämeenkatu 146,Helsinki,00658,Finland,2025-10-15T15:41:12,,,,,,,,,,,,,
sanne.kuiper470@gmail.com,SaKui60$2024,Sanne,Kuiper,+31 6 4439 1772,Kalverstraat 61,Amsterdam,1008 89,Netherlands,2025-10-15T16:38:13,Pepper,Cat,Male,Siamese,False,15.0,5.0,4.0,Overweight,Moderately Active,Raw food,Picky eater,Very important
owl9485@outlook.com,MeKoc79$2024,Mert,Koç,+90 532 625 78 17,İnönü Cd 124,Istanbul,34761,Turkey,2025-10-15T17:08:44,,,,,,,,,,,,,
olli.virtanen965@gmail.com,OlVir51@2024,Olli,Virtanen,+358 040 2825344,Kalevankatu 206,Vantaa,01164,Finland,2025-10-15T17:59:10,Kiki,Dog,Female,Rottweiler,False,6.0,11.0,42.3,Overweight,Very Active,"Dry food, Wet food",Content and satisfied,Very important
zeynep.koc982@fastmail.com,ZeKoc15!2024,Zeynep,Koç,+90 537 751 36 26,İstiklal Cd 94,Istanbul,34877,Turkey,2025-10-15T18:46:43,,,,,,,,,,,,,
hilal.yilmaz726@gmail.com,HiYil24!2025,Hilal,Yılmaz,+90 533 907 93 01,Bağdat Cd 129,Istanbul,34691,Turkey,2025-10-15T19:00:51,,,,,,,,,,,,,
milan.devries152@gmail.com,Mide 81$2024,Milan,de Vries,+31 6 9734 8300,Coolsingel 49,Amsterdam,1084 04,Netherlands,2025-10-15T19:38:56,Kiki,Cat,Male,Bengal,True,6.0,6.0,3.9,Ideal,Very Active,Wet food,Always hungry,Very important
lisa.meijer@gmail.com,LiMei33!2025,Lisa,Meijer,+31 6 1450 3318,Damrak 2,Amsterdam,1079 29,Netherlands,2025-10-15T19:44:59,,,,,,,,,,,,,
rapiddog879@yahoo.com,SeSah82$2025,Selin,Şahin,+90 535 326 65 42,Nispetiye Cd 164,Istanbul,34738,Turkey,2025-10-15T20:42:39,,,,,,,,,,,,,
veera.laine@gmail.com,VeLai71#2025,Veera,Laine,+358 040 6706219,Hämeenkatu 199,Helsinki,00948,Finland,2025-10-15T20:42:47,Coco,Cat,Male,Siamese,False,4.0,3.0,4.4,Ideal,Very Active,"Dry food, Raw food",Content and satisfied,Very important
burak.kilic@msn.com,BuKil20!2024,Burak,Kılıç,+90 536 604 99 77,Bağdat Cd 192,Adana,01378,Turkey,2025-10-15T21:05:27,,,,,,,,,,,,,
cosmicwolf210@bluewave.es,YuAyd36$2024,Yusuf,Aydın,+90 537 329 16 18,Turan Güneş Blv 138,Istanbul,34192,Turkey,2025-10-15T21:18:09,,,,,,,,,,,,,
lynx3739@icloud.com,Rovan90!2025,Rob,van Loon,+31 6 2666 9216,Spui 174,Amsterdam,1010 02,Netherlands,2025-10-15T21:34:15,,,,,,,,,,,,,
mert.aksoy@gmail.com,MeAks68@2025,Mert,Aksoy,+90 534 463 06 07,Bağdat Cd 175,Istanbul,34104,Turkey,2025-10-15T21:38:42,,,,,,,,,,,,,
jari.jarvinen@icloud.com,JaJar71#2025,Jari,Järvinen,+358 041 3413998,Esplanadi 21,Helsinki,00151,Finland,2025-10-15T21:59:18,,,,,,,,,,,,,
berk.ozturk@gmail.com,BeOzt87#2025,Berk,Öztürk,+90 501 971 04 72,Turan Güneş Blv 4,Istanbul,34147,Turkey,2025-10-15T22:38:41,,,,,,,,,,,,,
zeynep.aydin@gmail.com,ZeAyd47@2025,Zeynep,Aydın,+90 505 553 88 19,Turan Güneş Blv 30,Istanbul,34280,Turkey,2025-10-15T23:08:58,,,,,,,,,,,,,
whale6007@gmail.com,SeKil67@2024,Selin,Kılıç,+90 539 220 68 73,Halaskargazi Cd 185,Gaziantep,27006,Turkey,2025-10-15T23:29:16,,,,,,,,,,,,,
zeynep.aksoy604@gmail.com,ZeAks15!2025,Zeynep,Aksoy,+90 539 993 61 40,Halaskargazi Cd 78,Istanbul,34724,Turkey,2025-10-15T23:56:53,,,,,,,,,,,,,
zeynep.dogan924@outlook.com,ZeDog78#2024,Zeynep,Doğan,+90 535 439 42 64,Bağdat Cd 120,Istanbul,34578,Turkey,2025-10-16T00:12:00,,,,,,,,,,,,,
hakan.yalcin288@hexapi.es,HaYal39!2025,Hakan,Yalçın,+90 532 865 69 00,Cumhuriyet Cd 4,Istanbul,34531,Turkey,2025-10-16T01:18:52,Cooper,Cat,Male,Persian,False,10.0,8.0,4.9,Ideal,Very Active,Dry food,Picky eater,Important
max.muller@gmail.com,MaMul54!2025,Max,Müller,+49 172 8778131,La Rambla 107,Cologne,50667,Germany,2025-10-16T02:25:23,Max,Dog,Male,Poodle,False,5.0,2.0,10.5,Muscular,Very Active,Raw food,Happy and energetic,Very important
bluebear536@verdan.tr,AnHei60#2024,Antti,Heikkinen,+358 050 6487113,Hämeenkatu 11,Helsinki,00193,Finland,2025-10-16T03:20:02,,,,,,,,,,,,,
selin.aydin@gmail.com,SeAyd60!2025,Selin,Aydın,+90 537 834 65 14,Cumhuriyet Cd 187,Istanbul,34630,Turkey,2025-10-16T03:31:39,,,,,,,,,,,,,
sparrow2007@msn.com,ElHei84$2025,Elina,Heikkinen,+358 050 6986725,Aleksanterinkatu 64,Helsinki,00396,Finland,2025-10-16T05:38:12,Mocha,Cat,Male,Siamese,False,2.0,2.0,4.6,Overweight,Active,"Dry food, Wet food",Always hungry,Important
giulia.lefevre@gmail.com,GiLef64$2024,Giulia,Lefevre,+32 499 290 450,Unter den Linden 19,Brussels,1000,Belgium,2025-10-16T05:57:46,Tiger,Dog,Male,Cocker Spaniel,False,9.0,4.0,15.1,Overweight,Active,Dry food,Picky eater,Very important
mohammad.sadeghi@gmail.com,MoSad52!2025,Mohammad,Sadeghi,+98 0936 9677487,Enghelab St 62,Tabriz,7132297173,Iran,2025-10-16T06:03:26,,,,,,,,,,,,,
fox6086@galaxion.ai,Nide 18@2024,Nina,de Vries,+31 6 2104 8880,Nieuwezijds Voorburgwal 235,Rotterdam,3055 60,Netherlands,2025-10-16T06:13:41,,,,,,,,,,,,,
inge.vandijk@msn.com,Invan99!2025,Inge,van Dijk,+31 6 8261 4190,Vismarkt 110,Amsterdam,1019 19,Netherlands,2025-10-16T06:24:47,,,,,,,,,,,,,
olli.koskinen@nordiq.com,OlKos19$2024,Olli,Koskinen,+358 040 7412405,Esplanadi 95,Helsinki,00192,Finland,2025-10-16T06:36:21,Nala,Cat,Male,Bengal,True,2.0,7.0,5.1,Muscular,Active,"Dry food, Wet food",Happy and energetic,Very important
seda.kaya@outlook.com,SeKay42#2025,Seda,Kaya,+90 537 826 28 83,Nispetiye Cd 126,Antalya,07236,Turkey,2025-10-16T07:54:45,,,,,,,,,,,,,
luca.bianchi823@gmail.com,LuBia12@2025,Luca,Bianchi,+39 388 363 377,Via Roma 45,Rome,00118,Italy,2025-10-16T07:57:13,Hazel,Dog,Female,Rottweiler,True,11.0,5.0,38.8,Muscular,Less Active,"Wet food, Raw food",Content and satisfied,Very important
marie.lefevre@gmail.com,MaLef42$2025,Marie,Lefevre,+33 6 68 49 90 52,Ringstraße 197,Paris,75001,France,2025-10-16T08:18:21,,,,,,,,,,,,,
mehmet.ozturk@gmail.com,MeOzt59$2024,Mehmet,Öztürk,+90 537 697 05 63,Turan Güneş Blv 12,Istanbul,34932,Turkey,2025-10-16T08:33:35,Mocha,Dog,Male,Golden Retriever,True,4.0,11.0,33.7,Ideal,Less Active,Raw food,Happy and energetic,Important
milan.jansen@msn.com,MiJan84!2024,Milan,Jansen,+31 6 5419 4415,Blaak 118,Eindhoven,5679 20,Netherlands,2025-10-16T11:28:07,Bella,Dog,Male,German Shepherd,True,10.0,11.0,32.2,Overweight,Less Active,Raw food,Content and satisfied,Important
juha.virtanen375@outlook.com,JuVir39$2025,Juha,Virtanen,+358 050 9272117,Kalevankatu 122,Oulu,90165,Finland,2025-10-16T11:42:11,,,,,,,,,,,,,
nina.vandijk700@msn.com,Nivan62$2025,Nina,van Dijk,+31 6 9705 7188,Coolsingel 152,Amsterdam,1085 27,Netherlands,2025-10-16T11:44:46,Sushi,Dog,Male,Labrador Retriever,False,1.0,1.0,31.1,Muscular,Active,"Wet food, Raw food",Content and satisfied,Very important
ece.koc@gmail.com,EcKoc77@2024,Ece,Koç,+90 535 293 55 43,İstiklal Cd 248,Adana,01049,Turkey,2025-10-16T11:45:15,,,,,,,,,,,,,
bright.lynx_5402@gmail.com,LaHei74$2024,Laura,Heikkinen,+358 044 2547659,Itäkatu 134,Helsinki,00903,Finland,2025-10-16T11:57:49,,,,,,,,,,,,,
matteo.schneider@outlook.com,MaSch35#2025,Matteo,Schneider,+33 6 95 20 84 85,Ringstraße 162,Lyon,69001,France,2025-10-16T13:27:46,,,,,,,,,,,,,
tom.bakker768@yahoo.com,ToBak49!2025,Tom,Bakker,+31 6 4125 1013,Lijnbaan 89,Zwolle,8079 60,Netherlands,2025-10-16T14:23:53,,,,,,,,,,,,,
milan.vandijk@gmail.com,Mivan61@2024,Milan,van Dijk,+31 6 2507 8007,Coolsingel 191,Amsterdam,1044 66,Netherlands,2025-10-16T14:27:51,Oreo,Cat,Male,Siamese,False,9.0,5.0,4.9,Muscular,Very Active,Dry food,Calm and balanced,Important
seda.aydin@outlook.com,SeAyd24!2024,Seda,Aydın,+90 538 561 75 46,Atatürk Blv 236,Istanbul,34125,Turkey,2025-10-16T15:00:55,Oreo,Cat,Female,Sphynx,True,7.0,1.0,3.4,Overweight,Active,Wet food,Picky eater,Important
milan.meijer369@outlook.com,MiMei54@2025,Milan,Meijer,+31 6 6437 9454,Coolsingel 142,Amsterdam,1082 42,Netherlands,2025-10-16T15:13:19,Sunny,Cat,Male,Maine Coon,True,13.0,11.0,8.4,Muscular,Moderately Active,Wet food,Calm and balanced,Important
gizem.aydin95@fastmail.com,GiAyd16!2024,Gizem,Aydın,+90 539 677 39 79,İstiklal Cd 245,Bursa,16909,Turkey,2025-10-16T15:18:17,,,,,,,,,,,,,
cosmic.tiger_7054@gmail.com,SeKay46$2025,Selin,Kaya,+90 531 556 12 84,İnönü Cd 120,Istanbul,34411,Turkey,2025-10-16T15:30:59,Luna,Cat,Female,Persian,True,2.0,2.0,4.1,Muscular,Less Active,"Wet food, Raw food",Happy and energetic,Important
cosmiceagle15@gmail.com,MiSmi27#2025,Milan,Smit,+31 6 5864 4358,Spui 5,Rotterdam,3093 18,Netherlands,2025-10-16T16:22:21,,,,,,,,,,,,,
arman.kazemi95@msn.com,ArKaz37$2025,Arman,Kazemi,+98 0991 8649886,Kargar St 187,Tehran,4829534197,Iran,2025-10-16T17:38:57,Charlie,Cat,Male,Ragdoll,True,3.0,1.0,6.5,Underweight,Very Active,Raw food,Content and satisfied,Important
hakan.koc414@gmail.com,HaKoc99!2024,Hakan,Koç,+90 531 385 19 07,Bağdat Cd 120,Istanbul,34330,Turkey,2025-10-16T18:08:02,,,,,,,,,,,,,
tom.vanvliet@icloud.com,Tovan79#2024,Tom,van Vliet,+31 6 1530 6898,Coolsingel 160,Rotterdam,3062 56,Netherlands,2025-10-16T18:31:25,,,,,,,,,,,,,
cosmicwhale209@gmail.com,ZeDem96@2025,Zeynep,Demir,+90 505 412 64 74,Turan Güneş Blv 194,Mersin,33083,Turkey,2025-10-16T18:48:20,,,,,,,,,,,,,
