email,password,first_name,last_name,phone,address,city,zip_code,country,date_joined,pet_name,pet_type,pet_gender,pet_breed,pet_neutered,pet_age_years,pet_age_months,pet_weight,pet_body_type,pet_activity_level,pet_food_types,pet_food_feeling,pet_food_importance
jari.laine998@mervis.net,JaLai28#2025,Jari,Laine,+358 040 1344783,Itäkatu 123,Helsinki,00024,Finland,2025-10-16T20:06:15,Daisy,Dog,Female,French Bulldog,False,8.0,5.0,9.6,Underweight,Moderately Active,"Wet food, Raw food",Calm and balanced,Important
mert.polat436@proton.me,MePol12@2025,Mert,Polat,+90 505 203 14 65,Halaskargazi Cd 178,Izmir,35968,Turkey,2025-10-16T20:12:13,,,,,,,,,,,,,
silent.bear_3002@gmail.com,BuSah87!2025,Burak,Şahin,+90 534 777 17 01,Atatürk Blv 62,Adana,01268,Turkey,2025-10-16T20:55:37,,,,,,,,,,,,,
elif.koc555@yahoo.com,ElKoc27#2024,Elif,Koç,+90 501 965 94 70,Atatürk Blv 114,Istanbul,34547,Turkey,2025-10-16T21:08:37,Oreo,Dog,Female,Shiba Inu,False,11.0,5.0,8.7,Ideal,Very Active,Dry food,Easily distracted,Very important
zeynep.aydin@gmail.com,ZeAyd12#2025,Zeynep,Aydın,+90 533 661 63 01,Nispetiye Cd 48,Gaziantep,27615,Turkey,2025-10-16T21:44:48,,,,,,,,,,,,,
deniz.demir@gmail.com,DeDem57@2024,Deniz,Demir,+90 531 693 86 04,Cumhuriyet Cd 187,Istanbul,34231,Turkey,2025-10-16T22:36:39,,,,,,,,,,,,,
jari.hamalainen@proton.me,JaHam30!2024,Jari,Hämäläinen,+358 040 8518365,Esplanadi 64,Helsinki,00362,Finland,2025-10-16T23:10:25,,,,,,,,,,,,,
ayse.erdogan691@gmail.com,AyErd57$2025,Ayşe,Erdoğan,+90 537 393 71 14,Cumhuriyet Cd 70,Istanbul,34101,Turkey,2025-10-16T23:11:47,,,,,,,,,,,,,
sophie.vanvliet478@yahoo.com,Sovan96@2025,Sophie,van Vliet,+31 6 3072 9298,Nieuwezijds Voorburgwal 231,Den Bosch,5274 00,Netherlands,2025-10-16T23:50:26,,,,,,,,,,,,,
sophie.smit@yandex.com,SoSmi63$2024,Sophie,Smit,+31 6 1716 5475,Nieuwezijds Voorburgwal 2,Amsterdam,1052 24,Netherlands,2025-10-17T00:18:40,,,,,,,,,,,,,
sparrow4491@gmail.com,YuPol53$2025,Yusuf,Polat,+90 501 129 96 45,Nispetiye Cd 19,Gaziantep,27074,Turkey,2025-10-17T00:38:58,,,,,,,,,,,,,
cat7815@gmail.com,HaMoh21$2024,Hamed,Mohammadi,+98 0913 2815209,Niavaran St 100,Tehran,1886279431,Iran,2025-10-17T01:12:03,,,,,,,,,,,,,
mika.makinen@gmail.com,MiMak35@2024,Mika,Mäkinen,+358 044 8948724,Itäkatu 46,Helsinki,00995,Finland,2025-10-17T01:29:59,,,,,,,,,,,,,
bright.lion_9900@outlook.com,Tode 69#2024,Tom,de Vries,+31 6 5276 1753,Blaak 150,Rotterdam,3074 34,Netherlands,2025-10-17T01:45:46,,,,,,,,,,,,,
eero.hamalainen323@gmail.com,EeHam42@2025,Eero,Hämäläinen,+358 044 3052758,Hämeenkatu 161,Helsinki,00369,Finland,2025-10-17T02:37:04,Lucy,Cat,Male,British Shorthair,False,4.0,11.0,6.0,Underweight,Active,"Dry food, Raw food",Content and satisfied,Important
lucky.bear_1178@gmail.com,AnRos69#2025,Anna,Rossi,+32 475 780 948,Unter den Linden 146,Brussels,1000,Belgium,2025-10-17T03:42:54,,,,,,,,,,,,,
sunnyeagle403@gmail.com,AsKay72#2025,Aslı,Kaya,+90 501 229 82 35,Halaskargazi Cd 80,Mersin,33475,Turkey,2025-10-17T04:58:30,,,,,,,,,,,,,
rob.mulder@icloud.com,RoMul48!2024,Rob,Mulder,+31 6 4042 3064,Vismarkt 196,Rotterdam,3079 43,Netherlands,2025-10-17T05:38:03,,,,,,,,,,,,,
daan.vanloon695@gmail.com,Davan48@2025,Daan,van Loon,+31 6 5787 9763,Blaak 177,Amsterdam,1064 20,Netherlands,2025-10-17T06:57:51,,,,,,,,,,,,,
lisa.vanvliet@outlook.com,Livan72$2024,Lisa,van Vliet,+31 6 2974 1974,Spui 217,Amsterdam,1089 56,Netherlands,2025-10-17T07:05:04,,,,,,,,,,,,,
smart.panda_2551@datamint.tr,LoMul95#2024,Lotte,Mulder,+31 6 2239 7072,Vismarkt 144,Leiden,2351 18,Netherlands,2025-10-17T08:06:55,,,,,,,,,,,,,
pieter.smit@outlook.com,PiSmi43$2024,Pieter,Smit,+31 6 5422 1463,Spui 167,Rotterdam,3067 80,Netherlands,2025-10-17T09:01:30,,,,,,,,,,,,,
lucky.lion_6351@gmail.com,LeNow29@2024,Lea,Nowak,+49 172 4428922,Ringstraße 91,Munich,80331,Germany,2025-10-17T09:38:58,,,,,,,,,,,,,
sunny.koala_3794@saha.com,LeKow94@2025,Lena,Kowalski,+33 6 88 95 12 72,La Rambla 107,Lyon,69001,France,2025-10-17T09:41:06,,,,,,,,,,,,,
gizem.koc865@gmail.com,GiKoc36@2024,Gizem,Koç,+90 501 764 45 73,Halaskargazi Cd 71,Mersin,33241,Turkey,2025-10-17T10:16:34,,,,,,,,,,,,,
miika.koskinen@gmail.com,MiKos56$2025,Miika,Koskinen,+358 041 9476620,Aleksanterinkatu 157,Helsinki,00847,Finland,2025-10-17T10:49:08,,,,,,,,,,,,,
deniz.yilmaz577@yahoo.com,DeYil25$2024,Deniz,Yılmaz,+90 531 776 31 66,Nispetiye Cd 3,Istanbul,34990,Turkey,2025-10-17T11:11:31,Daisy,Cat,Male,Ragdoll,False,5.0,10.0,5.5,Overweight,Active,"Dry food, Raw food",Calm and balanced,Important
inge.visser@gmail.com,InVis17!2025,Inge,Visser,+31 6 4299 7648,Lijnbaan 113,Eindhoven,5670 02,Netherlands,2025-10-17T11:19:06,Bella,Cat,Female,Maine Coon,True,16.0,8.0,6.1,Underweight,Active,Wet food,Calm and balanced,Important
smartlynx250@yahoo.com,HuSil18!2024,Hugo,Silva,+49 176 1617164,Champs-Élysées 163,Berlin,10115,Germany,2025-10-17T12:42:38,,,,,,,,,,,,,
reza.hosseinzadeh596@outlook.com,ReHos20#2025,Reza,Hosseinzadeh,+98 0919 9216197,Africa Blvd 11,Tabriz,3621714972,Iran,2025-10-17T13:13:49,Cooper,Cat,Female,Siamese,True,15.0,7.0,4.4,Muscular,Less Active,"Wet food, Raw food",Easily distracted,Important
wilddog118@icloud.com,AyErd24#2024,Ayşe,Erdoğan,+90 530 170 92 81,Turan Güneş Blv 249,Istanbul,34835,Turkey,2025-10-17T14:09:54,Loki,Dog,Male,Labrador Retriever,True,7.0,2.0,27.5,Overweight,Moderately Active,Raw food,Picky eater,Very important
asli.arslan937@gmail.com,AsArs55!2025,Aslı,Arslan,+90 538 145 00 04,Halaskargazi Cd 134,Istanbul,34713,Turkey,2025-10-17T14:41:23,Nala,Cat,Male,Maine Coon,False,12.0,4.0,4.8,Ideal,Very Active,"Dry food, Wet food",Always hungry,Very important
yusuf.ozturk396@gmail.com,YuOzt49$2024,Yusuf,Öztürk,+90 537 229 43 46,İstiklal Cd 14,Istanbul,34709,Turkey,2025-10-17T16:44:06,,,,,,,,,,,,,
marie.weber@icloud.com,MaWeb80!2024,Marie,Weber,+33 6 18 47 11 78,La Rambla 97,Lyon,69001,France,2025-10-17T16:44:58,,,,,,,,,,,,,
kalle.heikkinen@proton.me,KaHei57@2025,Kalle,Heikkinen,+358 041 5895682,Hämeenkatu 184,Helsinki,00503,Finland,2025-10-17T16:59:28,,,,,,,,,,,,,
bram.mulder@eurogrid.io,BrMul16@2025,Bram,Mulder,+31 6 8481 2548,Kalverstraat 235,Rotterdam,3091 76,Netherlands,2025-10-17T17:24:30,,,,,,,,,,,,,
cem.polat635@outlook.com,CePol93#2025,Cem,Polat,+90 535 246 38 25,Cumhuriyet Cd 8,Ankara,06714,Turkey,2025-10-17T17:35:36,,,,,,,,,,,,,
onur.celik@gmail.com,OnCel84#2024,Onur,Çelik,+90 535 701 37 37,Nispetiye Cd 107,Izmir,35621,Turkey,2025-10-17T17:38:16,Rocky,Cat,Male,Maine Coon,True,4.0,9.0,5.5,Overweight,Less Active,Wet food,Happy and energetic,Very important
bright.eagle_8349@yahoo.com,IlNie68@2024,Ilona,Nieminen,+358 050 2004026,Mannerheimintie 83,Helsinki,00226,Finland,2025-10-17T18:02:48,,,,,,,,,,,,,
sunny.eagle_6456@gmail.com,LuWeb73@2024,Luca,Weber,+49 176 7556096,Rue de Rivoli 237,Berlin,10115,Germany,2025-10-17T19:09:00,Coco,Cat,Female,Ragdoll,True,4.0,4.0,7.0,Ideal,Active,"Dry food, Wet food",Always hungry,Very important
rob.kuiper501@gmail.com,RoKui73$2024,Rob,Kuiper,+31 6 6485 3413,Lijnbaan 93,Rotterdam,3032 04,Netherlands,2025-10-17T19:37:42,,,,,,,,,,,,,
inge.vanvliet59@gmail.com,Invan27$2025,Inge,van Vliet,+31 6 5883 1788,Nieuwezijds Voorburgwal 191,Rotterdam,3039 38,Netherlands,2025-10-17T19:38:53,Lucy,Cat,Female,Ragdoll,True,4.0,1.0,6.6,Underweight,Very Active,Dry food,Easily distracted,Very important
mert.ozturk837@zoho.com,MeOzt49$2025,Mert,Öztürk,+90 530 316 84 22,İnönü Cd 163,Mersin,33544,Turkey,2025-10-17T20:52:39,,,,,,,,,,,,,
lea.weber627@gmail.com,LeWeb77#2025,Lea,Weber,+32 491 361 625,Rue de Rivoli 146,Brussels,1000,Belgium,2025-10-17T23:23:11,,,,,,,,,,,,,
onur.arslan@nordiq.com,OnArs71@2024,Onur,Arslan,+90 539 427 94 36,Halaskargazi Cd 6,Istanbul,34168,Turkey,2025-10-17T23:23:18,,,,,,,,,,,,,
tiger6202@gmail.com,CaDem51!2025,Cansu,Demir,+90 530 196 43 22,İnönü Cd 132,Istanbul,34372,Turkey,2025-10-17T23:27:13,Poppy,Dog,Female,Golden Retriever,True,3.0,2.0,28.2,Muscular,Less Active,Wet food,Easily distracted,Important
pieter.vandijk809@gmail.com,Pivan84#2025,Pieter,van Dijk,+31 6 1655 6669,Lijnbaan 90,Rotterdam,3071 82,Netherlands,2025-10-18T01:38:39,,,,,,,,,,,,,
emmi.laine859@icloud.com,EmLai24$2025,Emmi,Laine,+358 050 7314407,Hämeenkatu 154,Helsinki,00644,Finland,2025-10-18T02:22:20,,,,,,,,,,,,,
giulia.bianchi154@gmail.com,GiBia12#2025,Giulia,Bianchi,+34 669 613 117,Rue de Rivoli 35,Barcelona,08001,Spain,2025-10-18T03:26:47,,,,,,,,,,,,,
cansu.arslan@gmail.com,CaArs49#2025,Cansu,Arslan,+90 536 539 00 86,İnönü Cd 230,Istanbul,34047,Turkey,2025-10-18T04:33:45,Poppy,Cat,Female,Sphynx,True,15.0,7.0,3.9,Underweight,Active,Dry food,Always hungry,Very important
golden.sparrow_6038@gmail.com,MeKoc79!2024,Mert,Koç,+90 531 126 82 27,Cumhuriyet Cd 89,Istanbul,34154,Turkey,2025-10-18T05:07:07,,,,,,,,,,,,,
ali.kilic822@icloud.com,AlKil36!2024,Ali,Kılıç,+90 539 325 01 95,İnönü Cd 154,Gaziantep,27207,Turkey,2025-10-18T05:42:30,Poppy,Cat,Female,Ragdoll,True,7.0,5.0,7.2,Overweight,Less Active,Raw food,Picky eater,Important
fox8704@gmail.com,Nivan60!2024,Nina,van Loon,+31 6 7800 0427,Lijnbaan 138,Amsterdam,1031 65,Netherlands,2025-10-18T06:14:38,,,,,,,,,,,,,
zeynep.erdogan149@bluewave.io,ZeErd58#2024,Zeynep,Erdoğan,+90 530 252 28 34,Halaskargazi Cd 25,Bursa,16252,Turkey,2025-10-18T06:33:43,,,,,,,,,,,,,
burak.sahin@yahoo.com,BuSah20@2024,Burak,Şahin,+90 531 432 97 17,Bağdat Cd 27,Izmir,35668,Turkey,2025-10-18T06:42:19,,,,,,,,,,,,,
clara.santos191@gmail.com,ClSan80#2025,Clara,Santos,+33 6 97 82 74 15,Rue de Rivoli 52,Lyon,69001,France,2025-10-18T07:05:34,Shadow,Cat,Female,Maine Coon,False,8.0,7.0,6.7,Underweight,Moderately Active,"Wet food, Raw food",Happy and energetic,Important
emmi.jarvinen@datamint.fi,EmJar32#2024,Emmi,Järvinen,+358 041 6583726,Mannerheimintie 64,Oulu,90769,Finland,2025-10-18T09:17:52,,,,,,,,,,,,,
cosmic.fox_3844@gmail.com,KaKor41@2025,Kalle,Korhonen,+358 040 2858764,Esplanadi 135,Helsinki,00044,Finland,2025-10-18T09:51:35,Coco,Dog,Male,Shiba Inu,False,12.0,1.0,8.6,Overweight,Active,"Dry food, Wet food",Always hungry,Very important
eva.kuiper488@gmail.com,EvKui83#2025,Eva,Kuiper,+31 6 8344 8457,Spui 201,Amsterdam,1084 12,Netherlands,2025-10-18T11:03:02,,,,,,,,,,,,,
johan.jansen@gmail.com,JoJan88@2025,Johan,Jansen,+31 6 4258 3986,Coolsingel 249,Amsterdam,1017 41,Netherlands,2025-10-18T11:40:31,,,,,,,,,,,,,
milan.vandijk367@gmail.com,Mivan81#2024,Milan,van Dijk,+31 6 1557 3717,Damrak 92,Leiden,2302 28,Netherlands,2025-10-18T11:49:38,Leo,Dog,Female,Beagle,True,10.0,5.0,10.1,Overweight,Moderately Active,Dry food,Calm and balanced,Important
rapidwolf73@proton.me,ElVir26#2024,Elina,Virtanen,+358 041 5234681,Esplanadi 206,Vantaa,01518,Finland,2025-10-18T12:32:19,Simba,Cat,Female,Ragdoll,True,16.0,7.0,5.8,Underweight,Less Active,Dry food,Happy and energetic,Very important
bluefox368@gmail.com,MaSan40$2024,Matteo,Santos,+49 160 6588887,Gran Via 107,Hamburg,20095,Germany,2025-10-18T14:12:39,,,,,,,,,,,,,
isabel.santos@yahoo.com,IsSan77#2025,Isabel,Santos,+49 157 5253791,Champs-Élysées 56,Cologne,50667,Germany,2025-10-18T14:14:17,,,,,,,,,,,,,
golden.falcon_3512@gmail.com,Sovan32#2024,Sophie,van Dijk,+31 6 5175 4573,Damrak 137,Groningen,9742 06,Netherlands,2025-10-18T14:26:19,,,,,,,,,,,,,
selin.demir354@gmail.com,SeDem40!2024,Selin,Demir,+90 532 611 24 27,İnönü Cd 228,Istanbul,34287,Turkey,2025-10-18T14:40:07,,,,,,,,,,,,,
brightcat968@gmail.com,AiKor35$2024,Aino,Korhonen,+358 050 8408747,Itäkatu 212,Turku,20356,Finland,2025-10-18T17:34:38,,,,,,,,,,,,,
ayse.ozturk114@petlab.tr,AyOzt99$2024,Ayşe,Öztürk,+90 530 545 83 34,Cumhuriyet Cd 37,Istanbul,34601,Turkey,2025-10-18T17:54:54,Chloe,Dog,Female,French Bulldog,True,2.0,8.0,13.7,Muscular,Very Active,Wet food,Happy and energetic,Very important
rob.meijer303@icloud.com,RoMei29@2024,Rob,Meijer,+31 6 7256 0645,Vismarkt 108,Amsterdam,1030 79,Netherlands,2025-10-18T18:30:27,,,,,,,,,,,,,
sanna.nieminen475@gmail.com,SaNie90#2024,Sanna,Nieminen,+358 040 6160169,Kalevankatu 94,Helsinki,00008,Finland,2025-10-18T18:40:20,,,,,,,,,,,,,
lotte.bakker574@outlook.com,LoBak55!2024,Lotte,Bakker,+31 6 7179 4952,Nieuwezijds Voorburgwal 143,Rotterdam,3026 03,Netherlands,2025-10-18T19:09:15,,,,,,,,,,,,,
eva.vandijk@gmail.com,Evvan87#2024,Eva,van Dijk,+31 6 5087 4582,Nieuwezijds Voorburgwal 206,Rotterdam,3025 18,Netherlands,2025-10-18T19:41:45,Simba,Dog,Male,Border Collie,False,9.0,5.0,16.4,Ideal,Less Active,Raw food,Happy and energetic,Important
gizem.kilic74@outlook.com,GiKil41$2025,Gizem,Kılıç,+90 534 730 61 98,İnönü Cd 175,Istanbul,34361,Turkey,2025-10-18T19:43:32,,,,,,,,,,,,,
miika.makinen100@gmail.com,MiMak86$2025,Miika,Mäkinen,+358 041 6404924,Itäkatu 23,Espoo,02006,Finland,2025-10-18T20:27:09,,,,,,,,,,,,,
sunny.lion_7520@auroradata.fr,GiSch86$2024,Giulia,Schneider,+49 176 4655640,Ringstraße 192,Munich,80331,Germany,2025-10-18T21:38:48,,,,,,,,,,,,,
bright.lynx_9411@msn.com,ToJan40@2024,Tom,Jansen,+31 6 4018 6362,Spui 147,Amsterdam,1083 18,Netherlands,2025-10-18T22:19:07,Pepper,Cat,Male,Sphynx,False,12.0,4.0,4.2,Underweight,Moderately Active,"Dry food, Wet food",Happy and energetic,Very important
mehmet.aksoy@gmail.com,MeAks64#2025,Mehmet,Aksoy,+90 536 690 87 85,Cumhuriyet Cd 172,Istanbul,34750,Turkey,2025-10-18T22:20:28,,,,,,,,,,,,,
bram.mulder772@gmail.com,BrMul91#2025,Bram,Mulder,+31 6 8373 3461,Blaak 233,Rotterdam,3003 54,Netherlands,2025-10-18T22:38:30,,,,,,,,,,,,,
lena.schmidt438@gmail.com,LeSch33!2025,Lena,Schmidt,+39 324 164 930,Rue de Rivoli 98,Rome,00118,Italy,2025-10-18T22:53:19,,,,,,,,,,,,,
asli.arslan@outlook.com,AsArs95#2025,Aslı,Arslan,+90 538 161 81 94,Bağdat Cd 144,Bursa,16655,Turkey,2025-10-18T23:53:30,Loki,Dog,Female,Rottweiler,True,11.0,6.0,44.5,Ideal,Moderately Active,Dry food,Calm and balanced,Very important
seda.erdogan@gmail.com,SeErd89$2025,Seda,Erdoğan,+90 505 541 18 13,Cumhuriyet Cd 109,Mersin,33632,Turkey,2025-10-19T00:35:01,,,,,,,,,,,,,
anne.smit441@gmail.com,AnSmi77$2024,Anne,Smit,+31 6 7791 8650,Nieuwezijds Voorburgwal 234,Rotterdam,3094 96,Netherlands,2025-10-19T01:38:44,Chloe,Cat,Female,Maine Coon,True,12.0,9.0,5.5,Overweight,Less Active,Wet food,Happy and energetic,Important
smartbear60@gmail.com,MoEbr94!2025,Mohammad,Ebrahimi,+98 0901 2918161,Niavaran St 135,Tehran,0526279246,Iran,2025-10-19T04:53:22,,,,,,,,,,,,,
cem.aksoy618@icloud.com,CeAks97#2024,Cem,Aksoy,+90 532 195 19 24,Atatürk Blv 15,Istanbul,34059,Turkey,2025-10-19T05:19:49,,,,,,,,,,,,,
daan.jansen@gmail.com,DaJan91$2024,Daan,Jansen,+31 6 6257 0239,Nieuwezijds Voorburgwal 207,The Hague,2516 02,Netherlands,2025-10-19T06:30:10,,,,,,,,,,,,,
sanna.makinen644@gmail.com,SaMak36#2024,Sanna,Mäkinen,+358 040 1882827,Esplanadi 39,Tampere,33625,Finland,2025-10-19T06:36:36,,,,,,,,,,,,,
whale6504@outlook.com,NiMul99#2024,Nina,Mulder,+31 6 5463 0962,Lijnbaan 13,Amsterdam,1046 37,Netherlands,2025-10-19T06:42:09,,,,,,,,,,,,,
bram.vandijk@gmail.com,Brvan92#2024,Bram,van Dijk,+31 6 2209 8579,Spui 10,Amsterdam,1055 95,Netherlands,2025-10-19T08:53:23,,,,,,,,,,,,,
wilddog135@gmail.com,Sovan53@2025,Sophie,van Loon,+31 6 2347 5605,Lijnbaan 203,Amsterdam,1051 73,Netherlands,2025-10-19T10:23:47,,,,,,,,,,,,,
nina.kuiper@mail.com,NiKui92$2024,Nina,Kuiper,+31 6 7702 4060,Damrak 125,Rotterdam,3003 56,Netherlands,2025-10-19T10:36:30,Loki,Dog,Female,Shiba Inu,True,2.0,2.0,9.7,Muscular,Less Active,"Dry food, Wet food",Picky eater,Important
dog2131@yahoo.com,Jovan76@2024,Johan,van Dijk,+31 6 8019 9542,Nieuwezijds Voorburgwal 142,Rotterdam,3002 85,Netherlands,2025-10-19T10:59:42,Cooper,Cat,Male,Sphynx,False,6.0,2.0,3.9,Muscular,Moderately Active,Raw food,Content and satisfied,Very important
deniz.sahin650@gmail.com,DeSah34#2025,Deniz,Şahin,+90 530 918 12 18,Turan Güneş Blv 134,Istanbul,34358,Turkey,2025-10-19T11:11:42,,,,,,,,,,,,,
hamed.mohammadi@gmail.com,HaMoh94#2024,Hamed,Mohammadi,+98 0913 5788876,Valiasr St 90,Tehran,2270018745,Iran,2025-10-19T11:22:15,Poppy,Cat,Male,Maine Coon,True,1.0,2.0,7.1,Muscular,Very Active,"Dry food, Wet food",Content and satisfied,Important
ilona.makinen186@gmail.com,IlMak86#2024,Ilona,Mäkinen,+358 044 1825533,Mannerheimintie 111,Helsinki,00442,Finland,2025-10-19T12:10:20,,,,,,,,,,,,,
rapid.lion_4177@gmail.com,NiKaz82$2025,Nima,Kazemi,+98 0901 8470321,Enghelab St 89,Tehran,5927025290,Iran,2025-10-19T12:53:22,,,,,,,,,,,,,
yusuf.sahin@outlook.com,YuSah35@2025,Yusuf,Şahin,+90 535 138 74 49,Cumhuriyet Cd 32,Istanbul,34669,Turkey,2025-10-19T13:05:58,,,,,,,,,,,,,
urbanotter438@gmail.com,AnKow88@2024,Anna,Kowalski,+34 615 477 131,Via Roma 60,Madrid,28001,Spain,2025-10-19T13:08:35,,,,,,,,,,,,,
emre.yalcin188@yahoo.com,EmYal99#2024,Emre,Yalçın,+90 539 212 20 90,İnönü Cd 48,Ankara,06190,Turkey,2025-10-19T13:21:34,,,,,,,,,,,,,
seda.yalcin760@gmail.com,SeYal79!2024,Seda,Yalçın,+90 539 402 11 57,Nispetiye Cd 211,Istanbul,34522,Turkey,2025-10-19T13:53:43,,,,,,,,,,,,,
burak.demir@gmail.com,BuDem52!2025,Burak,Demir,+90 532 941 92 34,Halaskargazi Cd 108,Istanbul,34020,Turkey,2025-10-19T15:48:43,,,,,,,,,,,,,
ece.koc498@saha.com,EcKoc28#2025,Ece,Koç,+90 501 123 19 71,Nispetiye Cd 204,Istanbul,34002,Turkey,2025-10-19T16:00:51,,,,,,,,,,,,,
hakan.yilmaz@gmail.com,HaYil14!2025,Hakan,Yılmaz,+90 530 631 82 74,Cumhuriyet Cd 57,Antalya,07344,Turkey,2025-10-19T16:05:51,,,,,,,,,,,,,
nina.vandijk286@mervis.net,Nivan29$2025,Nina,van Dijk,+31 6 2389 7816,Damrak 122,Rotterdam,3037 63,Netherlands,2025-10-19T16:36:04,Bailey,Dog,Male,Rottweiler,False,12.0,3.0,57.3,Ideal,Less Active,"Dry food, Raw food",Always hungry,Very important
hamed.jafari440@icloud.com,HaJaf50!2025,Hamed,Jafari,+98 0936 7522354,Shariati St 197,Tehran,0313525434,Iran,2025-10-19T16:57:01,,,,,,,,,,,,,
otter7501@mail.com,ElArs80@2024,Elif,Arslan,+90 531 599 35 67,Cumhuriyet Cd 136,Antalya,07398,Turkey,2025-10-19T17:25:45,Chloe,Dog,Female,Labrador Retriever,True,9.0,5.0,31.1,Ideal,Very Active,Raw food,Calm and balanced,Important
swiftpanda304@gmail.com,SePol96@2025,Selin,Polat,+90 535 739 50 80,İnönü Cd 95,Istanbul,34002,Turkey,2025-10-19T17:36:13,,,,,,,,,,,,,
elif.sahin947@gmail.com,ElSah26!2025,Elif,Şahin,+90 532 905 48 43,Cumhuriyet Cd 236,Istanbul,34021,Turkey,2025-10-19T17:55:42,Sushi,Dog,Female,Golden Retriever,True,11.0,4.0,29.0,Overweight,Active,Dry food,Picky eater,Important
pouya.ebrahimi@gmail.com,PoEbr31$2024,Pouya,Ebrahimi,+98 0912 7752729,Pasdaran St 193,Tehran,1642389973,Iran,2025-10-19T19:24:45,,,,,,,,,,,,,
gizem.demir@gmail.com,GiDem96!2025,Gizem,Demir,+90 531 431 85 17,Cumhuriyet Cd 99,Istanbul,34953,Turkey,2025-10-19T20:51:17,,,,,,,,,,,,,
otter2986@gmail.com,NiMei44!2025,Nina,Meijer,+31 6 9271 3089,Nieuwezijds Voorburgwal 152,Rotterdam,3053 00,Netherlands,2025-10-19T22:01:12,Lucy,Dog,Male,Labrador Retriever,False,9.0,4.0,34.9,Ideal,Active,Raw food,Calm and balanced,Important
ali.dogan@gmail.com,AlDog50@2024,Ali,Doğan,+90 505 300 82 46,İstiklal Cd 26,Istanbul,34681,Turkey,2025-10-20T00:41:26,,,,,,,,,,,,,
anne.jansen@gmail.com,AnJan62#2024,Anne,Jansen,+31 6 9290 8811,Nieuwezijds Voorburgwal 22,Amsterdam,1045 17,Netherlands,2025-10-20T00:56:44,,,,,,,,,,,,,
veera.nieminen@gmail.com,VeNie11@2024,Veera,Nieminen,+358 050 8253248,Mannerheimintie 109,Helsinki,00018,Finland,2025-10-20T01:07:15,Mocha,Dog,Female,Labrador Retriever,False,4.0,4.0,31.4,Underweight,Very Active,"Dry food, Wet food",Picky eater,Important
bluebear637@yahoo.com,BuKil31$2025,Burak,Kılıç,+90 539 327 40 85,Turan Güneş Blv 2,Ankara,06978,Turkey,2025-10-20T01:20:47,,,,,,,,,,,,,
eagle2889@gmail.com,YuOzt68!2025,Yusuf,Öztürk,+90 531 444 99 76,Nispetiye Cd 63,Istanbul,34516,Turkey,2025-10-20T02:47:36,,,,,,,,,,,,,
eero.koskinen@gmail.com,EeKos93$2024,Eero,Koskinen,+358 044 1853902,Itäkatu 42,Helsinki,00428,Finland,2025-10-20T03:22:05,,,,,,,,,,,,,
deniz.arslan@gmail.com,DeArs48!2024,Deniz,Arslan,+90 538 382 06 23,İstiklal Cd 131,Gaziantep,27053,Turkey,2025-10-20T03:51:16,,,,,,,,,,,,,
berk.dogan85@gmail.com,BeDog25$2024,Berk,Doğan,+90 532 428 12 15,Cumhuriyet Cd 102,Antalya,07140,Turkey,2025-10-20T04:10:24,,,,,,,,,,,,,
femke.vanloon@nordiq.nl,Fevan51!2025,Femke,van Loon,+31 6 9482 9711,Vismarkt 83,Rotterdam,3026 97,Netherlands,2025-10-20T04:53:04,,,,,,,,,,,,,
daan.vanloon@gmail.com,Davan75$2024,Daan,van Loon,+31 6 2724 5441,Blaak 11,Amsterdam,1010 01,Netherlands,2025-10-20T05:04:41,,,,,,,,,,,,,
jan.vanvliet800@gmail.com,Javan70$2025,Jan,van Vliet,+31 6 7207 5356,Damrak 15,Rotterdam,3073 55,Netherlands,2025-10-20T08:12:35,,,,,,,,,,,,,
laura.hamalainen@gmail.com,LaHam71@2025,Laura,Hämäläinen,+358 050 5000182,Kalevankatu 155,Helsinki,00579,Finland,2025-10-20T12:51:34,Poppy,Cat,Male,Ragdoll,True,15.0,8.0,6.1,Overweight,Moderately Active,"Dry food, Raw food",Happy and energetic,Very important
cosmicpanda389@yandex.com,MeKay43@2024,Mehmet,Kaya,+90 532 217 54 68,Nispetiye Cd 123,Adana,01708,Turkey,2025-10-20T13:51:49,Milo,Dog,Male,Labrador Retriever,True,11.0,1.0,32.0,Muscular,Moderately Active,"Dry food, Raw food",Picky eater,Important
bram.vandermeer743@gmail.com,Brvan37!2024,Bram,van der Meer,+31 6 3328 1339,Nieuwezijds Voorburgwal 120,Amsterdam,1066 23,Netherlands,2025-10-20T14:30:49,Hazel,Dog,Female,Cocker Spaniel,False,3.0,6.0,12.4,Muscular,Very Active,"Dry food, Raw food",Calm and balanced,Important
urban.cat_2626@gmail.com,LiMei78$2025,Lisa,Meijer,+31 6 4038 1368,Spui 64,Rotterdam,3073 41,Netherlands,2025-10-20T14:59:08,Bella,Cat,Male,British Shorthair,False,4.0,10.0,3.9,Ideal,Less Active,Dry food,Happy and energetic,Important
burak.sahin@outlook.com,BuSah68#2024,Burak,Şahin,+90 535 727 67 88,Turan Güneş Blv 101,Konya,42584,Turkey,2025-10-20T15:09:39,Sushi,Dog,Female,Rottweiler,False,3.0,8.0,56.9,Underweight,Moderately Active,"Wet food, Raw food",Content and satisfied,Important
wildlion162@gmail.com,CeDog38@2025,Cem,Doğan,+90 535 288 32 86,İstiklal Cd 227,Istanbul,34066,Turkey,2025-10-20T15:47:08,,,,,,,,,,,,,
cat9117@gmail.com,VeVir63@2024,Veera,Virtanen,+358 044 2462934,Esplanadi 7,Kuopio,70522,Finland,2025-10-20T16:49:59,,,,,,,,,,,,,
silverfox478@galaxion.nl,Tode 66!2025,Tom,de Vries,+31 6 7650 2967,Spui 175,Leiden,2380 32,Netherlands,2025-10-20T18:04:27,Daisy,Cat,Female,Ragdoll,True,2.0,2.0,8.5,Overweight,Very Active,"Wet food, Raw food",Calm and balanced,Very important
pouya.ebrahimi@gmail.com,PoEbr68@2024,Pouya,Ebrahimi,+98 0991 9796406,Valiasr St 234,Tehran,1216929567,Iran,2025-10-20T18:53:47,,,,,,,,,,,,,
gizem.polat@gmail.com,GiPol22!2025,Gizem,Polat,+90 505 655 84 43,İstiklal Cd 120,Istanbul,34991,Turkey,2025-10-20T19:20:31,Bella,Cat,Female,Siamese,True,9.0,0.0,3.1,Overweight,Active,"Dry food, Raw food",Easily distracted,Important
aino.hamalainen920@gmail.com,AiHam60#2024,Aino,Hämäläinen,+358 040 7852592,Itäkatu 118,Oulu,90725,Finland,2025-10-20T19:39:20,,,,,,,,,,,,,
max.schmidt@outlook.com,MaSch40@2025,Max,Schmidt,+34 652 735 660,Rue de Rivoli 225,Madrid,28001,Spain,2025-10-20T19:45:39,,,,,,,,,,,,,
ali.celik831@gmail.com,AlCel62!2024,Ali,Çelik,+90 538 901 75 55,Bağdat Cd 64,Istanbul,34425,Turkey,2025-10-20T20:37:38,,,,,,,,,,,,,
selin.arslan@msn.com,SeArs45@2024,Selin,Arslan,+90 539 765 33 18,Atatürk Blv 91,Izmir,35098,Turkey,2025-10-20T20:42:25,,,,,,,,,,,,,
smartsparrow56@gmail.com,DeYal82#2024,Deniz,Yalçın,+90 534 406 46 07,Turan Güneş Blv 43,Mersin,33211,Turkey,2025-10-20T21:50:29,,,,,,,,,,,,,
seda.demir@petlab.fi,SeDem22#2024,Seda,Demir,+90 531 262 43 39,Nispetiye Cd 111,Ankara,06012,Turkey,2025-10-20T23:30:50,,,,,,,,,,,,,
mert.demir847@outlook.com,MeDem67!2024,Mert,Demir,+90 505 219 70 61,İnönü Cd 238,Istanbul,34474,Turkey,2025-10-21T00:25:04,,,,,,,,,,,,,
clara.dubois@fastmail.com,ClDub10#2024,Clara,Dubois,+49 160 9045756,Via Roma 50,Munich,80331,Germany,2025-10-21T01:23:17,,,,,,,,,,,,,
nina.smit@gmail.com,NiSmi50$2024,Nina,Smit,+31 6 6614 8138,Lijnbaan 243,Amsterdam,1053 84,Netherlands,2025-10-21T01:58:13,,,,,,,,,,,,,
marie.muller@outlook.com,MaMul58$2024,Marie,Müller,+49 172 8468852,Via Roma 67,Berlin,10115,Germany,2025-10-21T02:52:16,,,,,,,,,,,,,
lion9399@outlook.com,HuNow89@2025,Hugo,Nowak,+33 6 89 46 76 17,Unter den Linden 97,Lyon,69001,France,2025-10-21T03:23:15,,,,,,,,,,,,,
sophie.kuiper321@icloud.com,SoKui58#2024,Sophie,Kuiper,+31 6 8124 9721,Blaak 71,Utrecht,3564 61,Netherlands,2025-10-21T04:42:15,Charlie,Cat,Male,Maine Coon,True,8.0,1.0,4.7,Overweight,Moderately Active,Raw food,Happy and energetic,Important
cem.aydin@gmail.com,CeAyd27@2025,Cem,Aydın,+90 531 907 10 03,İnönü Cd 223,Istanbul,34978,Turkey,2025-10-21T05:40:52,,,,,,,,,,,,,
silent.panda_3027@yahoo.com,SoKui46$2024,Sophie,Kuiper,+31 6 6913 7853,Damrak 73,Rotterdam,3094 81,Netherlands,2025-10-21T06:37:35,Bailey,Cat,Female,Maine Coon,True,15.0,7.0,5.5,Muscular,Very Active,Dry food,Picky eater,Important
sofia.bianchi675@gmail.com,SoBia50$2024,Sofia,Bianchi,+34 658 296 901,Gran Via 226,Barcelona,08001,Spain,2025-10-21T06:40:27,,,,,,,,,,,,,
zeynep.polat180@outlook.com,ZePol69$2024,Zeynep,Polat,+90 538 754 12 99,Turan Güneş Blv 78,Istanbul,34833,Turkey,2025-10-21T06:51:20,Sunny,Cat,Male,Ragdoll,True,1.0,8.0,5.7,Overweight,Active,Wet food,Easily distracted,Important
rapidsparrow96@gmail.com,EmYil72#2025,Emre,Yılmaz,+90 537 718 88 58,Bağdat Cd 235,Istanbul,34177,Turkey,2025-10-21T08:30:13,,,,,,,,,,,,,
mehmet.aksoy17@gmail.com,MeAks53#2025,Mehmet,Aksoy,+90 505 708 34 05,Nispetiye Cd 141,Istanbul,34644,Turkey,2025-10-21T08:40:39,,,,,,,,,,,,,
cansu.koc@gmail.com,CaKoc20!2024,Cansu,Koç,+90 534 363 76 76,İnönü Cd 49,Antalya,07679,Turkey,2025-10-21T08:54:10,,,,,,,,,,,,,
fox1548@auroradata.fi,SaJaf14#2024,Sara,Jafari,+98 0901 3499906,Africa Blvd 121,Tehran,3154466195,Iran,2025-10-21T09:43:26,,,,,,,,,,,,,
silentdog220@outlook.com,CeErd93#2025,Cem,Erdoğan,+90 531 630 78 73,Bağdat Cd 47,Bursa,16334,Turkey,2025-10-21T11:46:26,,,,,,,,,,,,,
smart.falcon_8790@gmail.com,SaBos50!2024,Sanne,Bos,+31 6 3037 5600,Kalverstraat 103,Amsterdam,1048 25,Netherlands,2025-10-21T12:47:32,,,,,,,,,,,,,
selin.polat763@outlook.com,SePol43#2025,Selin,Polat,+90 532 231 71 37,Atatürk Blv 50,Istanbul,34214,Turkey,2025-10-21T13:13:20,,,,,,,,,,,,,
panda7124@gmail.com,EcArs44@2024,Ece,Arslan,+90 536 677 22 66,İnönü Cd 105,Istanbul,34087,Turkey,2025-10-21T13:38:37,,,,,,,,,,,,,
wolf5628@icloud.com,AlKar86#2025,Ali,Karimi,+98 0990 6453093,Kargar St 61,Tehran,8483853641,Iran,2025-10-21T14:41:20,,,,,,,,,,,,,
mehmet.koc791@petlab.io,MeKoc30$2025,Mehmet,Koç,+90 536 866 82 76,Halaskargazi Cd 223,Adana,01079,Turkey,2025-10-21T16:15:41,,,,,,,,,,,,,
heidi.jarvinen465@outlook.com,HeJar24@2024,Heidi,Järvinen,+358 040 8949112,Aleksanterinkatu 184,Oulu,90600,Finland,2025-10-21T16:43:14,,,,,,,,,,,,,
berk.demir@gmail.com,BeDem95$2025,Berk,Demir,+90 531 359 28 59,Cumhuriyet Cd 168,Istanbul,34528,Turkey,2025-10-21T20:17:21,,,,,,,,,,,,,
javier.dubois419@gmail.com,JaDub90@2024,Javier,Dubois,+49 170 3536345,Champs-Élysées 17,Munich,80331,Germany,2025-10-21T21:12:12,,,,,,,,,,,,,
zahra.mohammadi@gmail.com,ZaMoh68$2025,Zahra,Mohammadi,+98 0936 9054478,Africa Blvd 14,Tehran,3252491456,Iran,2025-10-22T01:22:31,Oreo,Dog,Female,French Bulldog,True,11.0,3.0,10.2,Underweight,Less Active,Dry food,Picky eater,Very important
bear8907@yahoo.com,MeAks22$2025,Mert,Aksoy,+90 539 432 38 42,Bağdat Cd 16,Istanbul,34316,Turkey,2025-10-22T01:33:59,,,,,,,,,,,,,
asli.polat560@fastmail.com,AsPol18@2024,Aslı,Polat,+90 505 777 86 64,Nispetiye Cd 212,Istanbul,34643,Turkey,2025-10-22T02:10:09,Simba,Dog,Female,Golden Retriever,True,6.0,1.0,31.6,Ideal,Active,"Dry food, Wet food",Always hungry,Very important
pouya.akbari414@gmail.com,PoAkb18!2024,Pouya,Akbari,+98 0901 7102922,Valiasr St 211,Tehran,7288611882,Iran,2025-10-22T03:58:48,,,,,,,,,,,,,
sunnyotter777@gmail.com,SeKay72!2024,Seda,Kaya,+90 533 111 73 57,Nispetiye Cd 237,Istanbul,34007,Turkey,2025-10-22T04:01:33,,,,,,,,,,,,,
sanna.nieminen139@gmail.com,SaNie24$2024,Sanna,Nieminen,+358 050 1105023,Kalevankatu 178,Helsinki,00983,Finland,2025-10-22T04:36:03,Coco,Cat,Male,British Shorthair,True,12.0,3.0,6.5,Underweight,Active,Raw food,Easily distracted,Important
heidi.nieminen230@auroradata.nl,HeNie82$2025,Heidi,Nieminen,+358 040 5686683,Aleksanterinkatu 25,Vantaa,01175,Finland,2025-10-22T07:07:06,,,,,,,,,,,,,
elina.hamalainen@gmail.com,ElHam74@2024,Elina,Hämäläinen,+358 044 6660184,Kalevankatu 25,Lahti,15687,Finland,2025-10-22T09:35:43,Nala,Cat,Female,Maine Coon,False,16.0,5.0,8.2,Muscular,Active,"Dry food, Wet food",Calm and balanced,Important
milan.smit@yahoo.com,MiSmi97$2025,Milan,Smit,+31 6 6490 2120,Vismarkt 54,Haarlem,2044 51,Netherlands,2025-10-22T10:08:42,,,,,,,,,,,,,
wolf9616@yahoo.com,BrMei69#2025,Bram,Meijer,+31 6 5658 6420,Kalverstraat 31,Zwolle,8009 91,Netherlands,2025-10-22T10:44:00,Luna,Cat,Male,Maine Coon,True,7.0,7.0,6.0,Ideal,Active,"Wet food, Raw food",Picky eater,Very important
nina.vandijk292@gmail.com,Nivan99!2024,Nina,van Dijk,+31 6 6381 9321,Coolsingel 63,Amsterdam,1011 96,Netherlands,2025-10-22T11:39:20,,,,,,,,,,,,,
falcon5265@proton.me,ElSah93$2024,Elif,Şahin,+90 534 802 12 84,İnönü Cd 21,Izmir,35377,Turkey,2025-10-22T12:27:28,,,,,,,,,,,,,
luckyeagle250@gmail.com,HiOzt35#2025,Hilal,Öztürk,+90 534 965 16 70,Bağdat Cd 107,Istanbul,34136,Turkey,2025-10-22T13:11:15,,,,,,,,,,,,,
pierre.muller@icloud.com,PiMul63!2024,Pierre,Müller,+43 683 3118954,Via Roma 130,Vienna,1010,Austria,2025-10-22T13:42:34,,,,,,,,,,,,,
giulia.weber@outlook.com,GiWeb12@2024,Giulia,Weber,+32 464 732 730,Unter den Linden 68,Brussels,1000,Belgium,2025-10-22T16:46:43,,,,,,,,,,,,,
aino.korhonen@gmail.com,AiKor90!2025,Aino,Korhonen,+358 041 7341281,Kalevankatu 89,Helsinki,00972,Finland,2025-10-22T17:50:59,,,,,,,,,,,,,
antti.heikkinen783@outlook.com,AnHei60@2025,Antti,Heikkinen,+358 040 5054429,Esplanadi 67,Espoo,02521,Finland,2025-10-22T19:05:05,,,,,,,,,,,,,
cansu.dogan@yahoo.com,CaDog19$2024,Cansu,Doğan,+90 534 453 34 11,Turan Güneş Blv 196,Istanbul,34081,Turkey,2025-10-22T20:03:14,Milo,Dog,Female,French Bulldog,True,10.0,8.0,13.6,Underweight,Moderately Active,Dry food,Happy and energetic,Important
elif.ozturk@gmail.com,ElOzt95!2025,Elif,Öztürk,+90 538 629 24 43,Turan Güneş Blv 146,Istanbul,34376,Turkey,2025-10-22T23:34:14,,,,,,,,,,,,,
cansu.yalcin893@gmail.com,CaYal51!2024,Cansu,Yalçın,+90 532 821 35 83,Atatürk Blv 173,Istanbul,34657,Turkey,2025-10-22T23:59:26,,,,,,,,,,,,,
elif.sahin858@gmail.com,ElSah79#2024,Elif,Şahin,+90 538 146 10 67,İstiklal Cd 188,Istanbul,34016,Turkey,2025-10-23T00:04:06,,,,,,,,,,,,,
cosmic.eagle_190@saha.com,KaKos64$2025,Kalle,Koskinen,+358 041 1238420,Esplanadi 40,Oulu,90315,Finland,2025-10-23T00:34:42,Loki,Cat,Male,Ragdoll,True,14.0,6.0,9.0,Underweight,Moderately Active,Dry food,Happy and energetic,Important
berk.yilmaz@gmail.com,BeYil82#2025,Berk,Yılmaz,+90 534 393 26 98,Nispetiye Cd 226,Istanbul,34175,Turkey,2025-10-23T01:10:47,,,,,,,,,,,,,
mohammad.rezai502@gmail.com,MoRez98@2025,Mohammad,Rezai,+98 0936 4847701,Africa Blvd 72,Tehran,9988304518,Iran,2025-10-23T02:18:37,,,,,,,,,,,,,
miika.jarvinen@gmail.com,MiJar32@2024,Miika,Järvinen,+358 050 9058912,Hämeenkatu 12,Turku,20912,Finland,2025-10-23T05:04:31,Loki,Cat,Male,Ragdoll,False,12.0,0.0,7.5,Muscular,Less Active,"Dry food, Wet food",Content and satisfied,Important
onur.polat@icloud.com,OnPol40#2025,Onur,Polat,+90 534 105 05 53,İnönü Cd 53,Istanbul,34601,Turkey,2025-10-23T05:06:43,,,,,,,,,,,,,
noah.bakker678@yahoo.com,NoBak75@2025,Noah,Bakker,+31 6 9884 0047,Vismarkt 225,Leiden,2325 60,Netherlands,2025-10-23T06:28:38,,,,,,,,,,,,,
swift.otter_4479@datamint.fr,AnNow88@2025,Anna,Nowak,+32 465 956 634,Unter den Linden 200,Brussels,1000,Belgium,2025-10-23T11:28:43,,,,,,,,,,,,,
berk.celik728@outlook.com,BeCel82#2024,Berk,Çelik,+90 532 285 65 20,Bağdat Cd 166,Istanbul,34351,Turkey,2025-10-23T12:24:21,,,,,,,,,,,,,
burak.yildiz@mail.com,BuYil75#2024,Burak,Yıldız,+90 536 607 49 39,Cumhuriyet Cd 49,Ankara,06158,Turkey,2025-10-23T13:42:06,Misty,Cat,Female,British Shorthair,True,6.0,4.0,6.9,Underweight,Active,"Wet food, Raw food",Always hungry,Important
johan.devries69@yahoo.com,Jode 88!2025,Johan,de Vries,+31 6 7608 4815,Kalverstraat 105,Amsterdam,1044 30,Netherlands,2025-10-23T17:40:19,,,,,,,,,,,,,
brightowl223@gmail.com,CaDog97!2025,Cansu,Doğan,+90 501 756 74 06,İnönü Cd 119,Istanbul,34095,Turkey,2025-10-23T18:16:09,,,,,,,,,,,,,
cat2438@gmail.com,HaRah65!2024,Hamed,Rahimi,+98 0936 9873360,Enghelab St 56,Isfahan,1418490392,Iran,2025-10-23T19:01:17,,,,,,,,,,,,,
can.celik272@verdan.ai,CaCel43$2025,Can,Çelik,+90 531 786 50 88,Atatürk Blv 68,Istanbul,34907,Turkey,2025-10-23T19:17:35,,,,,,,,,,,,,
hilal.polat@yahoo.com,HiPol11#2024,Hilal,Polat,+90 538 837 90 49,Bağdat Cd 185,Istanbul,34906,Turkey,2025-10-23T19:32:40,Poppy,Cat,Female,Maine Coon,True,8.0,4.0,8.5,Underweight,Active,Dry food,Content and satisfied,Important
eagle793@gmail.com,InMul38#2024,Inge,Mulder,+31 6 2978 5977,Lijnbaan 214,Amsterdam,1019 88,Netherlands,2025-10-23T20:17:15,,,,,,,,,,,,,
silver.koala_6841@icloud.com,LuSan25@2025,Luca,Santos,+49 173 3755354,La Rambla 80,Berlin,10115,Germany,2025-10-23T21:02:40,,,,,,,,,,,,,
pieter.devries645@fastmail.com,Pide 37@2024,Pieter,de Vries,+31 6 7777 0383,Kalverstraat 61,Amsterdam,1087 45,Netherlands,2025-10-23T23:16:41,,,,,,,,,,,,,
lotte.devries75@yahoo.com,Lode 40#2024,Lotte,de Vries,+31 6 8828 8402,Lijnbaan 184,Utrecht,3594 18,Netherlands,2025-10-24T00:07:27,Chloe,Cat,Male,British Shorthair,True,5.0,1.0,3.5,Muscular,Very Active,Raw food,Picky eater,Very important
mona.jafari@tutanota.com,MoJaf59$2024,Mona,Jafari,+98 0919 2100082,Enghelab St 38,Tehran,2216798239,Iran,2025-10-24T00:50:10,,,,,,,,,,,,,
cosmic.eagle_2464@outlook.com,CeYil63!2025,Cem,Yıldız,+90 530 720 65 08,Bağdat Cd 74,Istanbul,34440,Turkey,2025-10-24T01:12:37,,,,,,,,,,,,,
seda.koc438@gmail.com,SeKoc71$2024,Seda,Koç,+90 532 647 17 46,Nispetiye Cd 207,Bursa,16399,Turkey,2025-10-24T02:29:33,,,,,,,,,,,,,
golden.eagle_5383@yahoo.com,MiVir20@2024,Miika,Virtanen,+358 050 6126118,Mannerheimintie 188,Helsinki,00876,Finland,2025-10-24T04:44:01,,,,,,,,,,,,,
bram.bakker818@gmail.com,BrBak51@2024,Bram,Bakker,+31 6 3896 8602,Kalverstraat 88,Groningen,9708 38,Netherlands,2025-10-24T05:05:25,,,,,,,,,,,,,
sophie.meijer52@bluewave.io,SoMei71#2025,Sophie,Meijer,+31 6 3251 6478,Spui 65,Utrecht,3578 98,Netherlands,2025-10-24T06:46:46,,,,,,,,,,,,,
berk.yildiz@outlook.com,BeYil46#2025,Berk,Yıldız,+90 505 773 19 12,Turan Güneş Blv 238,Istanbul,34877,Turkey,2025-10-24T09:45:14,Max,Cat,Female,Bengal,False,16.0,8.0,5.5,Ideal,Very Active,"Wet food, Raw food",Happy and energetic,Important
mahnaz.sadeghi417@yahoo.com,MaSad47#2025,Mahnaz,Sadeghi,+98 0913 2344426,Motahari St 59,Shiraz,3581945037,Iran,2025-10-24T12:47:51,Max,Dog,Female,Rottweiler,True,8.0,7.0,41.3,Underweight,Moderately Active,"Dry food, Wet food",Easily distracted,Very important
zeynep.yilmaz846@gmail.com,ZeYil55!2024,Zeynep,Yılmaz,+90 533 621 57 91,Turan Güneş Blv 63,Gaziantep,27020,Turkey,2025-10-24T15:08:46,,,,,,,,,,,,,
goldencat676@yahoo.com,MeArs62@2025,Mehmet,Arslan,+90 535 196 03 00,Bağdat Cd 207,Istanbul,34390,Turkey,2025-10-24T17:31:25,Simba,Dog,Female,Poodle,True,5.0,7.0,14.4,Muscular,Less Active,"Dry food, Raw food",Content and satisfied,Important
deniz.arslan118@yahoo.com,DeArs54!2024,Deniz,Arslan,+90 539 940 15 98,İnönü Cd 155,Istanbul,34803,Turkey,2025-10-24T19:46:23,,,,,,,,,,,,,
silverlynx529@gmail.com,CaKil52$2024,Can,Kılıç,+90 537 923 25 42,Cumhuriyet Cd 8,Istanbul,34903,Turkey,2025-10-24T20:01:10,,,,,,,,,,,,,
blue.dog_415@gmail.com,AyDog10$2024,Ayşe,Doğan,+90 539 387 61 76,İnönü Cd 128,Istanbul,34557,Turkey,2025-10-24T21:27:50,Kiki,Cat,Female,British Shorthair,True,14.0,4.0,5.2,Ideal,Less Active,"Wet food, Raw food",Picky eater,Very important
ayse.dogan@outlook.com,AyDog24#2024,Ayşe,Doğan,+90 535 575 70 27,Cumhuriyet Cd 48,Istanbul,34060,Turkey,2025-10-24T23:17:42,Pepper,Cat,Male,Persian,False,3.0,10.0,3.5,Underweight,Very Active,Raw food,Happy and energetic,Very important
emmi.heikkinen@msn.com,EmHei27!2025,Emmi,Heikkinen,+358 041 3585245,Hämeenkatu 12,Helsinki,00430,Finland,2025-10-25T00:09:41,,,,,,,,,,,,,
veera.koskinen@gmail.com,VeKos67$2024,Veera,Koskinen,+358 041 8035415,Aleksanterinkatu 46,Lahti,15931,Finland,2025-10-25T02:21:08,Sunny,Dog,Female,Rottweiler,True,5.0,7.0,46.5,Overweight,Moderately Active,"Wet food, Raw food",Picky eater,Important
asli.dogan836@solvico.fi,AsDog81$2024,Aslı,Doğan,+90 537 388 13 16,Bağdat Cd 139,Istanbul,34438,Turkey,2025-10-25T03:19:38,Hazel,Cat,Male,British Shorthair,True,3.0,8.0,6.5,Overweight,Moderately Active,Raw food,Content and satisfied,Important
smartfox407@msn.com,HiYil97#2024,Hilal,Yılmaz,+90 536 872 56 10,İstiklal Cd 221,Istanbul,34665,Turkey,2025-10-25T04:32:19,,,,,,,,,,,,,
reza.mohammadi@gmail.com,ReMoh81#2025,Reza,Mohammadi,+98 0990 9781022,Valiasr St 154,Karaj,2407237558,Iran,2025-10-25T07:33:32,,,,,,,,,,,,,
ayse.arslan@zoho.com,AyArs10#2024,Ayşe,Arslan,+90 537 198 23 13,Nispetiye Cd 234,Gaziantep,27842,Turkey,2025-10-25T12:14:17,,,,,,,,,,,,,
jari.korhonen@msn.com,JaKor63#2024,Jari,Korhonen,+358 040 6242885,Aleksanterinkatu 167,Vantaa,01425,Finland,2025-10-25T12:35:35,,,,,,,,,,,,,
hakan.demir277@yahoo.com,HaDem52$2024,Hakan,Demir,+90 535 338 57 21,İnönü Cd 133,Istanbul,34827,Turkey,2025-10-25T13:11:26,,,,,,,,,,,,,
can.erdogan@gmail.com,CaErd98$2025,Can,Erdoğan,+90 532 259 82 78,Nispetiye Cd 78,Kayseri,38688,Turkey,2025-10-25T15:32:20,,,,,,,,,,,,,
yusuf.yalcin@gmail.com,YuYal31!2025,Yusuf,Yalçın,+90 537 749 01 00,Halaskargazi Cd 116,Gaziantep,27765,Turkey,2025-10-25T15:48:18,,,,,,,,,,,,,
seda.koc@gmail.com,SeKoc88$2025,Seda,Koç,+90 501 775 56 39,Atatürk Blv 102,Ankara,06048,Turkey,2025-10-25T16:46:33,,,,,,,,,,,,,
emre.koc@outlook.com,EmKoc28@2024,Emre,Koç,+90 539 106 33 49,İnönü Cd 26,Istanbul,34484,Turkey,2025-10-25T19:53:04,,,,,,,,,,,,,
reza.rahimi818@gmail.com,ReRah66#2025,Reza,Rahimi,+98 0901 7702228,Kargar St 87,Tabriz,4871012555,Iran,2025-10-25T23:25:02,,,,,,,,,,,,,
tom.bos136@yahoo.com,ToBos97@2024,Tom,Bos,+31 6 5734 3104,Vismarkt 87,Amsterdam,1060 19,Netherlands,2025-10-26T07:37:18,,,,,,,,,,,,,
mona.akbari@gmail.com,MoAkb13#2025,Mona,Akbari,+98 0901 7658996,Motahari St 204,Tehran,3417354286,Iran,2025-10-26T09:23:55,,,,,,,,,,,,,
veera.nieminen@gmail.com,VeNie88$2025,Veera,Nieminen,+358 044 7826603,Mannerheimintie 156,Helsinki,00835,Finland,2025-10-26T10:20:32,,,,,,,,,,,,,
mehmet.kilic@gmail.com,MeKil16!2025,Mehmet,Kılıç,+90 536 951 05 37,Turan Güneş Blv 167,Istanbul,34248,Turkey,2025-10-26T11:04:25,,,,,,,,,,,,,
berk.sahin647@gmail.com,BeSah14@2025,Berk,Şahin,+90 534 449 81 12,Cumhuriyet Cd 36,Istanbul,34271,Turkey,2025-10-26T11:31:29,,,,,,,,,,,,,
berk.erdogan@gmail.com,BeErd84#2024,Berk,Erdoğan,+90 537 342 56 51,Turan Güneş Blv 137,Istanbul,34911,Turkey,2025-10-26T14:02:15,,,,,,,,,,,,,
burak.aydin302@yandex.com,BuAyd50!2025,Burak,Aydın,+90 534 233 60 17,Cumhuriyet Cd 208,Istanbul,34885,Turkey,2025-10-26T14:27:40,,,,,,,,,,,,,
asli.ozturk303@gmail.com,AsOzt79!2025,Aslı,Öztürk,+90 533 770 90 70,İstiklal Cd 9,Istanbul,34073,Turkey,2025-10-26T15:37:23,,,,,,,,,,,,,
elif.arslan@outlook.com,ElArs96!2025,Elif,Arslan,+90 536 963 71 73,Turan Güneş Blv 249,Adana,01751,Turkey,2025-10-26T18:45:14,,,,,,,,,,,,,
cem.erdogan@gmail.com,CeErd91!2024,Cem,Erdoğan,+90 501 178 15 21,Cumhuriyet Cd 15,Istanbul,34509,Turkey,2025-10-26T18:58:49,,,,,,,,,,,,,
lea.schneider@gmail.com,LeSch34!2024,Lea,Schneider,+33 6 93 10 24 21,Rue de Rivoli 42,Lyon,69001,France,2025-10-26T22:47:29,,,,,,,,,,,,,
blue.falcon_1962@outlook.com,AsYil76@2024,Aslı,Yılmaz,+90 537 442 46 88,Halaskargazi Cd 30,Istanbul,34232,Turkey,2025-10-27T06:28:03,,,,,,,,,,,,,
cem.erdogan@gmail.com,CeErd44!2025,Cem,Erdoğan,+90 505 297 00 80,Nispetiye Cd 77,Istanbul,34450,Turkey,2025-10-27T07:48:37,,,,,,,,,,,,,
hilal.sahin@petlab.it,HiSah26#2024,Hilal,Şahin,+90 536 223 32 48,Nispetiye Cd 77,Istanbul,34331,Turkey,2025-10-27T08:28:56,,,,,,,,,,,,,
luckyfox62@outlook.com,LiKui73!2024,Lisa,Kuiper,+31 6 5052 5279,Coolsingel 105,Amsterdam,1017 75,Netherlands,2025-10-27T09:03:48,,,,,,,,,,,,,
yusuf.yildiz283@yahoo.com,YuYil77#2025,Yusuf,Yıldız,+90 533 685 01 79,Turan Güneş Blv 187,Istanbul,34753,Turkey,2025-10-27T09:12:01,,,,,,,,,,,,,
tiger1008@gmail.com,ZePol94#2025,Zeynep,Polat,+90 533 832 56 89,Bağdat Cd 142,Istanbul,34575,Turkey,2025-10-27T13:22:17,,,,,,,,,,,,,
lea.schneider@gmail.com,LeSch40#2024,Lea,Schneider,+49 176 8534520,La Rambla 165,Hamburg,20095,Germany,2025-10-27T15:55:14,,,,,,,,,,,,,
asli.ozturk413@gmail.com,AsOzt57!2025,Aslı,Öztürk,+90 534 194 27 71,Halaskargazi Cd 236,Istanbul,34467,Turkey,2025-10-27T18:22:36,,,,,,,,,,,,,
panda7937@nordiq.com,EmPol69$2024,Emre,Polat,+90 531 961 89 61,Nispetiye Cd 146,Istanbul,34956,Turkey,2025-10-27T21:52:50,,,,,,,,,,,,,
arman.karimi974@yahoo.com,ArKar80$2024,Arman,Karimi,+98 0990 5285096,Valiasr St 186,Tehran,7571973135,Iran,2025-10-27T22:35:26,,,,,,,,,,,,,
ali.kaya792@msn.com,AlKay48@2024,Ali,Kaya,+90 501 949 93 27,İnönü Cd 112,Ankara,06149,Turkey,2025-10-28T00:59:47,,,,,,,,,,,,,
can.aydin@zoho.com,CaAyd73@2025,Can,Aydın,+90 532 187 71 77,İstiklal Cd 16,Ankara,06180,Turkey,2025-10-28T01:30:42,,,,,,,,,,,,,
sina.karimi@yandex.com,SiKar52@2024,Sina,Karimi,+98 0991 8992083,Motahari St 177,Tehran,7421616223,Iran,2025-10-28T05:46:44,,,,,,,,,,,,,
juha.jarvinen839@yahoo.com,JuJar62!2025,Juha,Järvinen,+358 050 8159038,Aleksanterinkatu 203,Kuopio,70458,Finland,2025-10-28T11:13:17,,,,,,,,,,,,,
emre.celik393@gmail.com,EmCel63@2025,Emre,Çelik,+90 533 349 13 58,Bağdat Cd 210,Istanbul,34859,Turkey,2025-10-28T12:19:26,,,,,,,,,,,,,
sanne.vanvliet@gmail.com,Savan77!2024,Sanne,van Vliet,+31 6 5758 9690,Blaak 193,Eindhoven,5691 07,Netherlands,2025-10-28T14:24:38,,,,,,,,,,,,,
noah.bakker@icloud.com,NoBak52#2024,Noah,Bakker,+31 6 5232 2293,Blaak 47,Rotterdam,3072 76,Netherlands,2025-10-28T16:43:50,,,,,,,,,,,,,
silver.dog_8321@eurogrid.com,EmYal17#2024,Emre,Yalçın,+90 538 258 72 56,Turan Güneş Blv 168,Istanbul,34929,Turkey,2025-10-28T23:27:34,,,,,,,,,,,,,
urbancat370@gmail.com,SiMoh68#2024,Sina,Mohammadi,+98 0991 2764699,Kargar St 223,Tehran,6659357107,Iran,2025-10-29T00:33:52,,,,,,,,,,,,,
mahnaz.ghasemi@gmail.com,MaGha45#2025,Mahnaz,Ghasemi,+98 0912 5901382,Kargar St 141,Tehran,3592430977,Iran,2025-10-29T07:27:02,,,,,,,,,,,,,
emre.yildiz@hexapi.com,EmYil68#2025,Emre,Yıldız,+90 534 115 22 66,Nispetiye Cd 100,Istanbul,34362,Turkey,2025-10-29T09:05:28,,,,,,,,,,,,,
burak.aksoy@gmail.com,BuAks77@2024,Burak,Aksoy,+90 534 320 03 62,Turan Güneş Blv 202,Antalya,07976,Turkey,2025-10-29T11:12:25,,,,,,,,,,,,,
cem.sahin726@gmail.com,CeSah34$2025,Cem,Şahin,+90 538 190 22 20,Atatürk Blv 27,Istanbul,34913,Turkey,2025-10-29T14:33:04,,,,,,,,,,,,,
hakan.celik@gmail.com,HaCel82#2024,Hakan,Çelik,+90 534 111 91 75,Bağdat Cd 216,Antalya,07961,Turkey,2025-10-29T20:10:53,,,,,,,,,,,,,
smartdog939@gmail.com,PoKaz30$2025,Pouya,Kazemi,+98 0935 3335966,Enghelab St 142,Tehran,5477716141,Iran,2025-10-29T23:48:44,,,,,,,,,,,,,
shirin.rahimi374@icloud.com,ShRah97@2025,Shirin,Rahimi,+98 0935 2044926,Pasdaran St 79,Tabriz,2304471225,Iran,2025-10-30T01:50:36,,,,,,,,,,,,,
arman.ghasemi@gmail.com,ArGha71!2024,Arman,Ghasemi,+98 0919 6912784,Shariati St 211,Tehran,7252518099,Iran,2025-10-30T07:39:20,,,,,,,,,,,,,
mehmet.koc@outlook.com,MeKoc78#2024,Mehmet,Koç,+90 530 127 84 14,Halaskargazi Cd 233,Istanbul,34290,Turkey,2025-10-30T09:06:58,,,,,,,,,,,,,
lynx2018@mervis.net,AsKay46#2025,Aslı,Kaya,+90 533 511 52 88,Turan Güneş Blv 165,Izmir,35998,Turkey,2025-10-30T12:33:22,,,,,,,,,,,,,
cem.yildiz@gmail.com,CeYil59!2024,Cem,Yıldız,+90 538 397 59 24,Nispetiye Cd 115,Gaziantep,27808,Turkey,2025-10-30T12:43:50,,,,,,,,,,,,,
elif.yildiz@gmail.com,ElYil58@2025,Elif,Yıldız,+90 533 152 26 30,İnönü Cd 177,Ankara,06336,Turkey,2025-10-30T19:16:30,,,,,,,,,,,,,
hakan.polat@msn.com,HaPol21@2024,Hakan,Polat,+90 539 555 90 59,Bağdat Cd 220,Istanbul,34977,Turkey,2025-10-31T00:51:04,,,,,,,,,,,,,
falcon1034@outlook.com,SePol13$2025,Seda,Polat,+90 539 275 50 49,Atatürk Blv 153,Istanbul,34823,Turkey,2025-10-31T13:25:07,,,,,,,,,,,,,
falcon4059@msn.com,SeSah80#2024,Selin,Şahin,+90 538 991 87 02,Turan Güneş Blv 241,Istanbul,34000,Turkey,2025-10-31T16:30:07,,,,,,,,,,,,,
onur.kaya@gmail.com,OnKay16$2025,Onur,Kaya,+90 534 344 17 41,Nispetiye Cd 211,Istanbul,34778,Turkey,2025-10-31T22:46:00,,,,,,,,,,,,,
rapid.eagle_3198@gmail.com,CaCel96!2025,Cansu,Çelik,+90 538 682 82 27,Nispetiye Cd 71,Mersin,33066,Turkey,2025-10-31T23:29:26,,,,,,,,,,,,,
blue.bear_2655@gmail.com,AmHos55#2024,Amir,Hosseini,+98 0901 6095436,Niavaran St 192,Karaj,9539044979,Iran,2025-10-31T23:56:53,,,,,,,,,,,,,
